territory_id,name,region_name,mo_type,modal_cluster,n_switches,n_distinct,cons_total_rub_2024,pop,type_confidence
1,городской округ город Майкоп,Республика Адыгея,городской округ,5,1,2,36320.0,161897.99999999997,0.6666666666666666
2,городской округ город Адыгейск,Республика Адыгея,городской округ,7,0,1,28136.0,15661.000000000005,1.0
3,Гиагинский муниципальный район,Республика Адыгея,муниципальный район,5,0,1,27367.0,31872.00000000001,1.0
4,Кошехабльский муниципальный район,Республика Адыгея,муниципальный район,7,0,1,31036.0,30318.999999999978,1.0
5,Красногвардейский муниципальный район,Республика Адыгея,муниципальный район,7,0,1,27742.0,32094.999999999975,1.0
6,Майкопский муниципальный район,Республика Адыгея,муниципальный район,5,0,1,32452.0,59155.99999999999,1.0
7,Тахтамукайский муниципальный район,Республика Адыгея,муниципальный район,0,1,2,47558.0,131042.9999999999,0.7916666666666666
8,Теучежский муниципальный район,Республика Адыгея,муниципальный район,5,0,1,40031.0,22259.99999999999,1.0
9,Шовгеновский муниципальный район,Республика Адыгея,муниципальный район,7,1,2,24136.0,16287.000000000004,0.7916666666666666
10,городской округ город Горно-Алтайск,Республика Алтай,городской округ,5,0,1,39907.0,64508.00000000006,1.0
11,Кош-Агачский муниципальный район,Республика Алтай,муниципальный район,6,0,1,30659.0,18619.999999999993,1.0
12,Майминский муниципальный район,Республика Алтай,муниципальный район,5,0,1,42595.0,30941.00000000002,1.0
13,Онгудайский муниципальный район,Республика Алтай,муниципальный район,6,0,1,29431.0,14025.000000000011,1.0
14,Турочакский муниципальный район,Республика Алтай,муниципальный район,6,0,1,33305.0,10794.00000000001,1.0
15,Улаганский муниципальный район,Республика Алтай,муниципальный район,6,0,1,32963.0,11926.000000000005,1.0
16,Усть-Канский муниципальный район,Республика Алтай,муниципальный район,6,0,1,27711.0,14207.000000000011,1.0
17,Усть-Коксинский муниципальный район,Республика Алтай,муниципальный район,6,0,1,33059.0,15633.99999999999,1.0
18,Чемальский муниципальный район,Республика Алтай,муниципальный район,6,0,1,36204.0,10556.999999999993,1.0
19,Чойский муниципальный район,Республика Алтай,муниципальный район,6,0,1,27961.0,7439.0000000000055,1.0
20,Шебалинский муниципальный район,Республика Алтай,муниципальный район,6,0,1,28507.0,12113.999999999998,1.0
21,городской округ город Уфа,Республика Башкортостан,городской округ,3,0,1,42485.0,1186714.9999999993,1.0
22,городской округ город Агидель,Республика Башкортостан,городской округ,7,1,2,23441.0,13727.999999999995,0.875
23,городской округ город Кумертау,Республика Башкортостан,городской округ,5,0,1,33374.0,61143.00000000003,1.0
25,городской округ город Нефтекамск,Республика Башкортостан,городской округ,5,1,2,36830.0,144598.00000000006,0.6666666666666666
26,городской округ город Октябрьский,Республика Башкортостан,городской округ,5,0,1,37249.0,116426.99999999993,1.0
27,городской округ город Салават,Республика Башкортостан,городской округ,3,0,1,36718.0,146633.0,1.0
28,городской округ город Сибай,Республика Башкортостан,городской округ,5,0,1,35246.0,56469.999999999985,1.0
29,городской округ город Стерлитамак,Республика Башкортостан,городской округ,3,0,1,37273.0,280497.0000000001,1.0
30,Абзелиловский муниципальный район,Республика Башкортостан,муниципальный район,7,1,2,22044.0,43983.00000000001,0.8333333333333334
31,Альшеевский муниципальный район,Республика Башкортостан,муниципальный район,5,1,2,24091.0,35535.99999999998,0.5
32,Архангельский муниципальный район,Республика Башкортостан,муниципальный район,7,0,1,25860.0,16616.0,1.0
33,Аскинский муниципальный район,Республика Башкортостан,муниципальный район,7,0,1,23835.0,17418.000000000015,1.0
34,Аургазинский муниципальный район,Республика Башкортостан,муниципальный район,7,0,1,19335.0,29757.00000000002,1.0
35,Баймакский муниципальный район,Республика Башкортостан,муниципальный район,5,1,2,25634.0,53399.00000000004,0.7083333333333334
36,Бакалинский муниципальный район,Республика Башкортостан,муниципальный район,7,0,1,24103.0,24813.00000000002,1.0
37,Балтачевский муниципальный район,Республика Башкортостан,муниципальный район,7,0,1,22004.0,17837.0,1.0
38,Белебеевский муниципальный район,Республика Башкортостан,муниципальный район,5,0,1,34976.0,94978.00000000006,1.0
39,Белокатайский муниципальный район,Республика Башкортостан,муниципальный район,7,0,1,27313.0,17369.0,1.0
40,Белорецкий муниципальный район,Республика Башкортостан,муниципальный район,5,0,1,34137.0,96914.99999999993,1.0
41,Бижбулякский муниципальный район,Республика Башкортостан,муниципальный район,7,1,2,24010.0,20950.999999999985,0.7916666666666666
42,Бирский муниципальный район,Республика Башкортостан,муниципальный район,5,0,1,33604.0,61478.00000000002,1.0
43,Благоварский муниципальный район,Республика Башкортостан,муниципальный район,7,1,2,25457.0,23849.999999999993,0.9583333333333334
44,Благовещенский муниципальный район,Республика Башкортостан,муниципальный район,5,0,1,38174.0,48718.00000000001,1.0
45,Буздякский муниципальный район,Республика Башкортостан,муниципальный район,7,0,1,24615.0,25432.000000000015,1.0
46,Бураевский муниципальный район,Республика Башкортостан,муниципальный район,7,0,1,22953.0,20840.000000000007,1.0
47,Бурзянский муниципальный район,Республика Башкортостан,муниципальный район,7,0,1,23203.0,17061.000000000007,1.0
48,Гафурийский муниципальный район,Республика Башкортостан,муниципальный район,7,0,1,23697.0,29525.000000000004,1.0
49,Давлекановский муниципальный район,Республика Башкортостан,муниципальный район,5,0,1,27879.0,35565.00000000003,1.0
50,Дуванский муниципальный район,Республика Башкортостан,муниципальный район,5,2,2,30039.0,30750.0,0.75
51,Дюртюлинский муниципальный район,Республика Башкортостан,муниципальный район,5,0,1,31207.0,59178.99999999997,1.0
52,Ермекеевский муниципальный район,Республика Башкортостан,муниципальный район,7,1,2,22561.0,14368.999999999996,0.875
53,Зианчуринский муниципальный район,Республика Башкортостан,муниципальный район,7,0,1,25374.0,23380.99999999999,1.0
54,Зилаирский муниципальный район,Республика Башкортостан,муниципальный район,7,0,1,26873.0,14231.000000000005,1.0
55,Иглинский муниципальный район,Республика Башкортостан,муниципальный район,5,0,1,34248.0,71098.99999999996,1.0
56,Илишевский муниципальный район,Республика Башкортостан,муниципальный район,7,2,3,23313.0,30404.99999999998,0.7083333333333334
57,Ишимбайский муниципальный район,Республика Башкортостан,муниципальный район,5,0,1,36757.0,82948.00000000004,1.0
58,Калтасинский муниципальный район,Республика Башкортостан,муниципальный район,7,1,2,23484.0,21101.00000000001,0.7083333333333334
59,Караидельский муниципальный район,Республика Башкортостан,муниципальный район,7,0,1,23706.0,23105.000000000015,1.0
60,Кармаскалинский муниципальный район,Республика Башкортостан,муниципальный район,7,3,2,26373.0,51575.0,0.7083333333333334
61,Кигинский муниципальный район,Республика Башкортостан,муниципальный район,7,0,1,25393.0,16339.000000000011,1.0
62,Краснокамский муниципальный район,Республика Башкортостан,муниципальный район,5,4,3,23685.0,25331.999999999978,0.8333333333333334
63,Кугарчинский муниципальный район,Республика Башкортостан,муниципальный район,7,0,1,24270.0,26359.000000000015,1.0
65,Кушнаренковский муниципальный район,Республика Башкортостан,муниципальный район,7,0,1,23283.0,26369.999999999985,1.0
66,Мелеузовский муниципальный район,Республика Башкортостан,муниципальный район,5,0,1,35687.0,79609.00000000003,1.0
67,Мечетлинский муниципальный район,Республика Башкортостан,муниципальный район,7,0,1,27015.0,21837.99999999998,1.0
68,Мишкинский муниципальный район,Республика Башкортостан,муниципальный район,7,0,1,23447.0,20716.0,1.0
69,Миякинский муниципальный район,Республика Башкортостан,муниципальный район,7,0,1,23593.0,23085.999999999985,1.0
70,Нуримановский муниципальный район,Республика Башкортостан,муниципальный район,7,0,1,25879.0,19944.99999999998,1.0
71,Салаватский муниципальный район,Республика Башкортостан,муниципальный район,7,2,2,26184.0,23304.0,0.9583333333333334
72,Стерлибашевский муниципальный район,Республика Башкортостан,муниципальный район,7,0,1,19859.0,16360.000000000013,1.0
73,Стерлитамакский муниципальный район,Республика Башкортостан,муниципальный район,5,0,1,37509.0,47530.99999999999,1.0
74,Татышлинский муниципальный район,Республика Башкортостан,муниципальный район,7,1,2,25018.0,20679.000000000015,0.875
75,Туймазинский муниципальный район,Республика Башкортостан,муниципальный район,5,0,1,34123.0,130732.99999999993,1.0
76,Уфимский муниципальный район,Республика Башкортостан,муниципальный район,5,0,1,40481.0,117124.99999999993,1.0
77,Учалинский муниципальный район,Республика Башкортостан,муниципальный район,5,0,1,35489.0,68451.0,1.0
78,Федоровский муниципальный район,Республика Башкортостан,муниципальный район,7,0,1,20222.0,15490.99999999999,1.0
79,Хайбуллинский муниципальный район,Республика Башкортостан,муниципальный район,5,1,2,29788.0,29249.000000000007,0.9583333333333334
80,Чекмагушевский муниципальный район,Республика Башкортостан,муниципальный район,7,0,1,22527.0,27671.000000000004,1.0
81,Чишминский муниципальный район,Республика Башкортостан,муниципальный район,5,0,1,32888.0,50536.00000000001,1.0
82,Шаранский муниципальный район,Республика Башкортостан,муниципальный район,7,0,1,19858.0,18637.000000000007,1.0
83,Янаульский муниципальный район,Республика Башкортостан,муниципальный район,5,0,1,27654.0,42391.00000000004,1.0
167,городской округ Нальчик,Кабардино-Балкарская Республика,городской округ,5,0,1,32016.0,271464.00000000023,1.0
168,городской округ Баксан,Кабардино-Балкарская Республика,городской округ,7,0,1,24522.0,61042.999999999985,1.0
169,городской округ Прохладный,Кабардино-Балкарская Республика,городской округ,5,0,1,27883.0,60023.000000000044,1.0
173,Майский муниципальный район,Кабардино-Балкарская Республика,муниципальный район,7,0,1,24011.0,37609.00000000003,1.0
174,Прохладненский муниципальный район,Кабардино-Балкарская Республика,муниципальный район,7,1,2,26876.0,50158.99999999996,0.9166666666666666
176,Терский муниципальный район,Кабардино-Балкарская Республика,муниципальный район,7,0,1,22094.0,53392.999999999985,1.0
179,Эльбрусский муниципальный район,Кабардино-Балкарская Республика,муниципальный район,7,0,1,25756.0,39452.99999999998,1.0
181,Городовиковский муниципальный район,Республика Калмыкия,муниципальный район,7,0,1,22794.0,13572.999999999993,1.0
184,Лаганский муниципальный район,Республика Калмыкия,муниципальный район,7,0,1,24387.0,18649.999999999996,1.0
185,Малодербетовский муниципальный район,Республика Калмыкия,муниципальный район,7,0,1,23853.0,9255.999999999996,1.0
186,Октябрьский муниципальный район,Республика Калмыкия,муниципальный район,7,3,2,28453.0,7653.999999999995,0.5416666666666666
188,Сарпинский муниципальный район,Республика Калмыкия,муниципальный район,7,0,1,23808.0,11466.000000000007,1.0
190,Черноземельский муниципальный район,Республика Калмыкия,муниципальный район,6,1,2,24128.0,11850.000000000007,0.6666666666666666
191,Юстинский муниципальный район,Республика Калмыкия,муниципальный район,7,3,2,24343.0,8903.000000000002,0.6666666666666666
192,Яшалтинский муниципальный район,Республика Калмыкия,муниципальный район,7,0,1,23495.0,14402.000000000011,1.0
193,Яшкульский муниципальный район,Республика Калмыкия,муниципальный район,7,3,2,23229.0,15056.99999999999,0.7916666666666666
194,городской округ Черкесский,Карачаево-Черкесская Республика,городской округ,5,0,1,31341.0,112781.99999999994,1.0
195,городской округ Карачаевский,Карачаево-Черкесская Республика,городской округ,7,0,1,25488.0,41150.000000000015,1.0
196,Абазинский муниципальный район,Карачаево-Черкесская Республика,муниципальный район,7,0,1,28058.0,18120.99999999999,1.0
197,Адыге-Хабльский муниципальный район,Карачаево-Черкесская Республика,муниципальный район,7,0,1,25027.0,16363.999999999995,1.0
198,Зеленчукский муниципальный район,Карачаево-Черкесская Республика,муниципальный район,7,0,1,28232.0,53555.0,1.0
200,Малокарачаевский муниципальный район,Карачаево-Черкесская Республика,муниципальный район,7,0,1,21230.0,42681.999999999985,1.0
201,Ногайский муниципальный район,Карачаево-Черкесская Республика,муниципальный район,7,0,1,27773.0,16399.999999999996,1.0
203,Урупский муниципальный район,Карачаево-Черкесская Республика,муниципальный район,7,0,1,28160.0,24072.0,1.0
204,Усть-Джегутинский муниципальный район,Карачаево-Черкесская Республика,муниципальный район,7,0,1,24139.0,50870.000000000015,1.0
205,Хабезский муниципальный район,Карачаево-Черкесская Республика,муниципальный район,7,0,1,24147.0,31019.99999999999,1.0
206,городской округ Петрозаводский,Республика Карелия,городской округ,3,0,1,51653.0,235693.99999999988,1.0
207,городской округ Костомукшский,Республика Карелия,городской округ,2,1,2,49397.0,26469.999999999993,0.7083333333333334
208,Беломорский муниципальный округ,Республика Карелия,муниципальный округ,4,0,1,40784.0,12304.999999999996,1.0
209,Калевальский муниципальный район,Республика Карелия,муниципальный район,4,3,2,43152.0,5888.000000000004,0.5
210,Кемский муниципальный район,Республика Карелия,муниципальный район,4,2,2,37372.0,12492.999999999995,0.9583333333333334
211,Кондопожский муниципальный район,Республика Карелия,муниципальный район,4,4,2,34658.0,31367.99999999998,0.5416666666666666
212,Лахденпохский муниципальный район,Республика Карелия,муниципальный район,5,3,2,40564.0,10501.999999999993,0.5833333333333334
213,Лоухский муниципальный район,Республика Карелия,муниципальный район,4,2,2,43744.0,10092.000000000007,0.9166666666666666
214,Медвежьегорский муниципальный район,Республика Карелия,муниципальный район,4,6,2,38049.0,23602.999999999996,0.5833333333333334
215,Муезерский муниципальный район,Республика Карелия,муниципальный район,6,1,2,39114.0,7695.000000000002,0.75
216,Олонецкий муниципальный район,Республика Карелия,муниципальный район,5,3,4,34280.0,18459.999999999996,0.625
217,Питкярантский муниципальный округ,Республика Карелия,муниципальный округ,5,3,2,38856.0,14495.00000000001,0.5833333333333334
218,Прионежский муниципальный район,Республика Карелия,муниципальный район,2,5,3,42350.0,21969.00000000002,0.5833333333333334
219,Пряжинский муниципальный район,Республика Карелия,муниципальный район,6,9,4,31326.0,12022.999999999995,0.3333333333333333
220,Пудожский муниципальный район,Республика Карелия,муниципальный район,6,5,3,35649.0,13907.000000000002,0.5416666666666666
221,Сегежский муниципальный округ,Республика Карелия,муниципальный округ,5,1,2,39529.0,31218.999999999978,0.7916666666666666
222,Сортавальский муниципальный район,Республика Карелия,муниципальный район,5,2,2,48791.0,23602.999999999996,0.9166666666666666
223,Суоярвский муниципальный округ,Республика Карелия,муниципальный округ,4,6,2,34316.0,12069.999999999993,0.6666666666666666
224,городской округ Сыктывкар,Республика Коми,городской округ,3,0,1,45815.0,232811.0000000002,1.0
225,городской округ Воркута,Республика Коми,городской округ,2,1,2,51020.0,67547.00000000001,0.7083333333333334
226,муниципальный округ Вуктыл,Республика Коми,муниципальный округ,2,1,2,37060.0,10125.000000000007,0.75
227,городской округ Инта,Республика Коми,городской округ,4,0,1,45538.0,20870.0,1.0
228,муниципальный округ Усинск,Республика Коми,муниципальный округ,2,0,1,46163.0,35806.999999999985,1.0
229,городской округ Ухта,Республика Коми,городской округ,2,1,2,45666.0,93096.00000000007,0.6666666666666666
230,Ижемский муниципальный район,Республика Коми,муниципальный район,6,0,1,35160.0,16186.999999999989,1.0
231,Княжпогостский муниципальный район,Республика Коми,муниципальный район,4,0,1,35823.0,14981.000000000004,1.0
232,Койгородский муниципальный район,Республика Коми,муниципальный район,6,2,2,29132.0,7470.000000000002,0.7083333333333334
233,Корткеросский муниципальный район,Республика Коми,муниципальный район,7,1,2,27473.0,18232.000000000007,0.625
234,муниципальный район Печора,Республика Коми,муниципальный район,2,1,2,43178.0,42164.00000000002,0.6666666666666666
235,Прилузский муниципальный район,Республика Коми,муниципальный район,6,3,3,27422.0,17018.00000000001,0.5833333333333334
236,муниципальный район Сосногорск,Республика Коми,муниципальный район,4,2,2,36867.0,33872.00000000002,0.7083333333333334
237,Сыктывдинский муниципальный район,Республика Коми,муниципальный район,5,0,1,36861.0,21461.999999999993,1.0
238,Сысольский муниципальный район,Республика Коми,муниципальный район,6,4,2,28318.0,11591.99999999999,0.5416666666666666
239,Троицко-Печорский муниципальный район,Республика Коми,муниципальный район,6,3,2,34191.0,9461.0,0.5416666666666666
240,Удорский муниципальный район,Республика Коми,муниципальный район,6,3,2,34507.0,12260.99999999999,0.5833333333333334
241,Усть-Вымский муниципальный район,Республика Коми,муниципальный район,5,0,1,32893.0,23547.999999999993,1.0
242,Усть-Куломский муниципальный район,Республика Коми,муниципальный район,6,0,1,28147.0,21766.000000000015,1.0
243,Усть-Цилемский муниципальный район,Республика Коми,муниципальный район,6,0,1,31339.0,10359.99999999999,1.0
269,городской округ город Йошкар-Ола,Республика Марий Эл,городской округ,3,0,1,37090.0,295711.00000000023,1.0
270,городской округ город Волжск,Республика Марий Эл,городской округ,5,0,1,30975.0,51634.00000000002,1.0
271,городской округ город Козьмодемьянск,Республика Марий Эл,городской округ,5,0,1,28724.0,19053.999999999985,1.0
272,Волжский муниципальный район,Республика Марий Эл,муниципальный район,7,1,2,24648.0,20453.99999999999,0.9166666666666666
273,Горномарийский муниципальный район,Республика Марий Эл,муниципальный район,7,0,1,22107.0,19578.000000000007,1.0
274,Звениговский муниципальный район,Республика Марий Эл,муниципальный район,5,0,1,27771.0,38471.0,1.0
275,Килемарский муниципальный район,Республика Марий Эл,муниципальный район,7,0,1,23755.0,11082.000000000002,1.0
276,Куженерский муниципальный район,Республика Марий Эл,муниципальный район,7,0,1,22221.0,11381.999999999998,1.0
277,Мари-Турекский муниципальный район,Республика Марий Эл,муниципальный район,7,0,1,21784.0,17045.999999999996,1.0
278,Медведевский муниципальный район,Республика Марий Эл,муниципальный район,5,0,1,37837.0,67768.99999999996,1.0
279,Моркинский муниципальный район,Республика Марий Эл,муниципальный район,7,0,1,20065.0,25757.99999999999,1.0
280,Новоторъяльский муниципальный район,Республика Марий Эл,муниципальный район,7,0,1,22732.0,13402.000000000002,1.0
281,Оршанский муниципальный район,Республика Марий Эл,муниципальный район,7,0,1,21440.0,12182.0,1.0
282,Параньгинский муниципальный район,Республика Марий Эл,муниципальный район,7,0,1,20333.0,13007.999999999998,1.0
283,Сернурский муниципальный район,Республика Марий Эл,муниципальный район,7,1,2,24240.0,21263.999999999996,0.8333333333333334
284,Советский муниципальный район,Республика Марий Эл,муниципальный район,7,1,2,23945.0,26111.999999999985,0.8333333333333334
285,Юринский муниципальный район,Республика Марий Эл,муниципальный район,7,0,1,23048.0,5947.000000000003,1.0
287,Ардатовский муниципальный район,Республика Мордовия,муниципальный район,7,0,1,21582.0,23694.000000000007,1.0
288,Атюрьевский муниципальный район,Республика Мордовия,муниципальный район,7,0,1,22627.0,9012.000000000002,1.0
289,Атяшевский муниципальный район,Республика Мордовия,муниципальный район,7,0,1,23688.0,17245.999999999996,1.0
290,Большеберезниковский муниципальный район,Республика Мордовия,муниципальный район,7,0,1,19869.0,11711.000000000007,1.0
291,Большеигнатовский муниципальный район,Республика Мордовия,муниципальный район,7,0,1,23465.0,6716.999999999995,1.0
292,Дубенский муниципальный район,Республика Мордовия,муниципальный район,7,0,1,20664.0,11279.999999999996,1.0
293,Ельниковский муниципальный район,Республика Мордовия,муниципальный район,7,0,1,24275.0,9068.000000000002,1.0
294,Зубово-Полянский муниципальный район,Республика Мордовия,муниципальный район,5,6,2,29031.0,45470.000000000015,0.7083333333333334
295,Инсарский муниципальный район,Республика Мордовия,муниципальный район,7,0,1,26084.0,11515.999999999995,1.0
296,Ичалковский муниципальный район,Республика Мордовия,муниципальный район,7,0,1,26220.0,16897.000000000004,1.0
297,Кадошкинский муниципальный район,Республика Мордовия,муниципальный район,7,0,1,26858.0,6593.0000000000055,1.0
298,Ковылкинский муниципальный район,Республика Мордовия,муниципальный район,5,3,2,27377.0,35878.999999999985,0.875
300,Краснослободский муниципальный район,Республика Мордовия,муниципальный район,7,0,1,25064.0,21456.000000000004,1.0
301,Лямбирский муниципальный район,Республика Мордовия,муниципальный район,5,0,1,34049.0,33536.999999999985,1.0
302,Ромодановский муниципальный район,Республика Мордовия,муниципальный район,7,0,1,21599.0,18856.999999999985,1.0
303,Рузаевский муниципальный район,Республика Мордовия,муниципальный район,5,0,1,33296.0,58819.99999999999,1.0
304,Старошайговский муниципальный район,Республика Мордовия,муниципальный район,7,0,1,18960.0,11300.000000000007,1.0
305,Темниковский муниципальный район,Республика Мордовия,муниципальный район,7,0,1,24746.0,12695.999999999996,1.0
306,Теньгушевский муниципальный район,Республика Мордовия,муниципальный район,7,0,1,24402.0,8971.000000000002,1.0
307,Торбеевский муниципальный район,Республика Мордовия,муниципальный район,7,0,1,29540.0,18231.00000000001,1.0
308,Чамзинский муниципальный район,Республика Мордовия,муниципальный район,5,0,1,28469.0,28433.000000000022,1.0
309,городской округ город Якутск,Республика Саха (Якутия),городской округ,3,2,2,60891.0,384979.0,0.875
311,Абыйский муниципальный район,Республика Саха (Якутия),муниципальный район,1,0,1,56054.0,3737.0000000000023,1.0
312,Алданский муниципальный район,Республика Саха (Якутия),муниципальный район,2,0,1,55604.0,38997.999999999985,1.0
314,Амгинский муниципальный район,Республика Саха (Якутия),муниципальный район,1,0,1,42147.0,16705.0,1.0
315,Анабарский национальный (долгано-эвенкийский) муниципальный район,Республика Саха (Якутия),муниципальный район,1,0,1,63334.0,3456.0000000000023,1.0
316,Булунский муниципальный район,Республика Саха (Якутия),муниципальный район,1,0,1,61696.0,8125.999999999997,1.0
317,Верхневилюйский муниципальный район,Республика Саха (Якутия),муниципальный район,1,0,1,40588.0,20721.00000000001,1.0
318,Верхнеколымский муниципальный район,Республика Саха (Якутия),муниципальный район,1,0,1,65393.0,3687.0000000000027,1.0
319,Верхоянский муниципальный район,Республика Саха (Якутия),муниципальный район,1,0,1,52977.0,9998.000000000004,1.0
320,Вилюйский муниципальный район,Республика Саха (Якутия),муниципальный район,1,0,1,43057.0,25156.999999999993,1.0
321,Горный муниципальный район,Республика Саха (Якутия),муниципальный район,1,6,3,33847.0,11936.0,0.5416666666666666
322,Жиганский муниципальный район,Республика Саха (Якутия),муниципальный район,1,0,1,36654.0,4022.999999999997,1.0
323,Кобяйский муниципальный район,Республика Саха (Якутия),муниципальный район,1,0,1,47083.0,11053.0,1.0
324,Нюрбинский муниципальный район,Республика Саха (Якутия),муниципальный район,1,0,1,42232.0,22760.999999999978,1.0
325,Ленский муниципальный район,Республика Саха (Якутия),муниципальный район,2,0,1,54311.0,31833.00000000001,1.0
326,Мегино-Кангаласский муниципальный район,Республика Саха (Якутия),муниципальный район,1,0,1,42726.0,32932.0,1.0
327,Мирнинский муниципальный район,Республика Саха (Якутия),муниципальный район,2,0,1,51869.0,71704.00000000006,1.0
328,Момский муниципальный район,Республика Саха (Якутия),муниципальный район,1,0,1,44782.0,3835.9999999999986,1.0
329,Намский муниципальный район,Республика Саха (Якутия),муниципальный район,1,0,1,42813.0,25069.000000000007,1.0
330,Нерюнгринский муниципальный район,Республика Саха (Якутия),муниципальный район,2,0,1,54028.0,68430.99999999997,1.0
331,Нижнеколымский муниципальный район,Республика Саха (Якутия),муниципальный район,1,0,1,72705.0,4174.999999999999,1.0
332,Оймяконский муниципальный район,Республика Саха (Якутия),муниципальный район,1,2,2,68048.0,7566.000000000006,0.8333333333333334
333,Олекминский муниципальный район,Республика Саха (Якутия),муниципальный район,2,0,1,54725.0,20524.999999999996,1.0
334,Оленекский эвенкийский национальный муниципальный район,Республика Саха (Якутия),муниципальный район,1,0,1,52704.0,4364.0,1.0
335,Среднеколымский муниципальный район,Республика Саха (Якутия),муниципальный район,1,0,1,52365.0,6714.000000000002,1.0
336,Сунтарский муниципальный район,Республика Саха (Якутия),муниципальный район,1,0,1,44231.0,22228.000000000007,1.0
337,Таттинский муниципальный район,Республика Саха (Якутия),муниципальный район,1,0,1,34005.0,16750.000000000004,1.0
338,Томпонский муниципальный район,Республика Саха (Якутия),муниципальный район,1,0,1,53868.0,10897.0,1.0
339,Усть-Алданский муниципальный район,Республика Саха (Якутия),муниципальный район,1,0,1,34546.0,22011.999999999996,1.0
340,Усть-Майский муниципальный район,Республика Саха (Якутия),муниципальный район,1,0,1,58947.0,7342.9999999999945,1.0
341,Усть-Янский муниципальный район,Республика Саха (Якутия),муниципальный район,1,0,1,64626.0,6724.999999999995,1.0
342,Хангаласский муниципальный район,Республика Саха (Якутия),муниципальный район,1,2,2,38102.0,34330.999999999985,0.75
343,Чурапчинский муниципальный район,Республика Саха (Якутия),муниципальный район,1,0,1,39585.0,21807.0,1.0
345,городской округ город Владикавказ,Республика Северная Осетия — Алания,городской округ,3,0,1,38849.0,309970.99999999977,1.0
346,Алагирский муниципальный район,Республика Северная Осетия — Алания,муниципальный район,7,0,1,30127.0,38308.00000000003,1.0
347,Ардонский муниципальный район,Республика Северная Осетия — Алания,муниципальный район,7,0,1,27779.0,31295.000000000007,1.0
348,Дигорский муниципальный район,Республика Северная Осетия — Алания,муниципальный район,7,0,1,29696.0,18651.999999999993,1.0
349,Ирафский муниципальный район,Республика Северная Осетия — Алания,муниципальный район,7,0,1,25099.0,15561.000000000002,1.0
351,Моздокский муниципальный район,Республика Северная Осетия — Алания,муниципальный район,5,0,1,32458.0,81352.99999999997,1.0
352,Правобережный муниципальный район,Республика Северная Осетия — Алания,муниципальный район,7,0,1,28993.0,55683.99999999998,1.0
354,городской округ город Казань,Республика Татарстан,городской округ,3,0,1,44813.0,1318603.9999999995,1.0
355,городской округ город Набережные Челны,Республика Татарстан,городской округ,3,0,1,40376.0,544383.0000000005,1.0
356,Агрызский муниципальный район,Республика Татарстан,муниципальный район,5,1,2,25553.0,34401.0,0.9583333333333334
357,Азнакаевский муниципальный район,Республика Татарстан,муниципальный район,5,0,1,27017.0,57093.000000000044,1.0
358,Аксубаевский муниципальный район,Республика Татарстан,муниципальный район,7,0,1,21197.0,26162.000000000004,1.0
359,Актанышский муниципальный район,Республика Татарстан,муниципальный район,7,0,1,20710.0,27286.999999999993,1.0
360,Алексеевский муниципальный район,Республика Татарстан,муниципальный район,5,1,2,27779.0,24625.999999999978,0.9583333333333334
361,Алькеевский муниципальный район,Республика Татарстан,муниципальный район,7,0,1,22674.0,18062.999999999993,1.0
362,Альметьевский муниципальный район,Республика Татарстан,муниципальный район,3,0,1,38329.0,212358.99999999983,1.0
363,Апастовский муниципальный район,Республика Татарстан,муниципальный район,7,0,1,20563.0,18676.000000000015,1.0
364,Арский муниципальный район,Республика Татарстан,муниципальный район,7,0,1,24147.0,49658.99999999996,1.0
365,Атнинский муниципальный район,Республика Татарстан,муниципальный район,7,0,1,19191.0,12244.99999999999,1.0
366,Бавлинский муниципальный район,Республика Татарстан,муниципальный район,5,2,3,24031.0,32239.000000000022,0.875
367,Балтасинский муниципальный район,Республика Татарстан,муниципальный район,7,0,1,22015.0,32840.00000000003,1.0
368,Бугульминский муниципальный район,Республика Татарстан,муниципальный район,5,0,1,34989.0,99176.99999999996,1.0
369,Буинский муниципальный район,Республика Татарстан,муниципальный район,7,1,2,24997.0,39134.99999999999,0.875
370,Верхнеуслонский муниципальный район,Республика Татарстан,муниципальный район,5,3,3,27947.0,17641.00000000001,0.5
371,Высокогорский муниципальный район,Республика Татарстан,муниципальный район,5,0,1,34046.0,60646.99999999999,1.0
372,Дрожжановский муниципальный район,Республика Татарстан,муниципальный район,7,0,1,19973.0,20085.0,1.0
373,Елабужский муниципальный район,Республика Татарстан,муниципальный район,5,2,2,38854.0,85471.00000000007,0.9166666666666666
374,Заинский муниципальный район,Республика Татарстан,муниципальный район,5,0,1,30496.0,52217.00000000001,1.0
375,Зеленодольский муниципальный район,Республика Татарстан,муниципальный район,5,1,2,38613.0,169798.00000000015,0.875
376,Кайбицкий муниципальный район,Республика Татарстан,муниципальный район,7,0,1,20072.0,12422.999999999998,1.0
377,Камско-Устьинский муниципальный район,Республика Татарстан,муниципальный район,7,0,1,24243.0,14157.000000000005,1.0
378,Кукморский муниципальный район,Республика Татарстан,муниципальный район,7,1,2,22728.0,51201.99999999997,0.8333333333333334
379,Лаишевский муниципальный район,Республика Татарстан,муниципальный район,5,2,2,41686.0,71645.99999999994,0.9166666666666666
380,Лениногорский муниципальный район,Республика Татарстан,муниципальный район,5,0,1,33861.0,77755.00000000001,1.0
381,Мамадышский муниципальный район,Республика Татарстан,муниципальный район,7,1,2,23442.0,39697.99999999999,0.9166666666666666
382,Менделеевский муниципальный район,Республика Татарстан,муниципальный район,5,1,2,25590.0,30286.000000000004,0.9583333333333334
383,Мензелинский муниципальный район,Республика Татарстан,муниципальный район,7,1,2,25252.0,26384.99999999998,0.875
384,Муслюмовский муниципальный район,Республика Татарстан,муниципальный район,7,0,1,21030.0,18692.000000000004,1.0
385,Нижнекамский муниципальный район,Республика Татарстан,муниципальный район,3,0,1,35971.0,276414.0000000001,1.0
386,Новошешминский муниципальный район,Республика Татарстан,муниципальный район,5,2,3,24884.0,12573.999999999996,0.5
387,Нурлатский муниципальный район,Республика Татарстан,муниципальный район,5,0,1,27926.0,51660.99999999999,1.0
388,Пестречинский муниципальный район,Республика Татарстан,муниципальный район,5,0,1,31624.0,66371.99999999994,1.0
389,Рыбно-Слободский муниципальный район,Республика Татарстан,муниципальный район,7,0,1,22665.0,23891.99999999998,1.0
390,Сабинский муниципальный район,Республика Татарстан,муниципальный район,7,0,1,22859.0,30380.999999999993,1.0
391,Сармановский муниципальный район,Республика Татарстан,муниципальный район,7,1,2,22402.0,33665.99999999999,0.75
392,Спасский муниципальный район,Республика Татарстан,муниципальный район,7,0,1,27565.0,18013.999999999993,1.0
393,Тетюшский муниципальный район,Республика Татарстан,муниципальный район,7,0,1,24566.0,19798.000000000015,1.0
395,Тюлячинский муниципальный район,Республика Татарстан,муниципальный район,7,0,1,18516.0,13489.000000000002,1.0
396,Черемшанский муниципальный район,Республика Татарстан,муниципальный район,7,1,2,20887.0,17877.0,0.875
397,Чистопольский муниципальный район,Республика Татарстан,муниципальный район,5,0,1,31952.0,73233.99999999994,1.0
398,Ютазинский муниципальный район,Республика Татарстан,муниципальный район,7,1,2,22646.0,19452.00000000001,0.625
401,Бай-Тайгинский муниципальный район,Республика Тыва,муниципальный район,6,0,1,24031.0,10430.999999999996,1.0
402,Барун-Хемчикский муниципальный район,Республика Тыва,муниципальный район,6,0,1,24404.0,11625.999999999996,1.0
403,Дзун-Хемчикский муниципальный район,Республика Тыва,муниципальный район,6,0,1,23844.0,18915.999999999993,1.0
404,Каа-Хемский муниципальный район,Республика Тыва,муниципальный район,6,0,1,29551.0,11974.000000000007,1.0
405,Кызылский муниципальный район,Республика Тыва,муниципальный район,6,0,1,37642.0,36340.00000000001,1.0
408,Пий-Хемский муниципальный район,Республика Тыва,муниципальный район,6,0,1,32497.0,10364.000000000002,1.0
409,Сут-Хольский муниципальный район,Республика Тыва,муниципальный район,6,0,1,26039.0,8043.000000000001,1.0
410,Тандинский муниципальный район,Республика Тыва,муниципальный район,6,0,1,34776.0,15097.999999999989,1.0
413,Тоджинский муниципальный район,Республика Тыва,муниципальный район,6,0,1,39586.0,6694.0000000000055,1.0
414,Улуг-Хемский муниципальный район,Республика Тыва,муниципальный район,6,0,1,28958.0,19939.999999999985,1.0
416,Чеди-Хольский муниципальный район,Республика Тыва,муниципальный район,6,0,1,29999.0,7591.999999999997,1.0
418,городской округ город Ижевск,Удмуртская Республика,городской округ,3,0,1,42282.0,618776.0,1.0
419,городской округ город Воткинск,Удмуртская Республика,городской округ,5,0,1,38036.0,96036.99999999993,1.0
420,городской округ город Глазов,Удмуртская Республика,городской округ,5,0,1,35113.0,85869.99999999994,1.0
421,городской округ город Можга,Удмуртская Республика,городской округ,5,0,1,31393.0,43557.00000000003,1.0
422,городской округ город Сарапул,Удмуртская Республика,городской округ,5,0,1,37269.0,89441.99999999993,1.0
423,муниципальный округ Алнашский район,Удмуртская Республика,муниципальный округ,7,0,1,24711.0,19971.00000000001,1.0
424,муниципальный округ Балезинский район,Удмуртская Республика,муниципальный округ,7,1,2,23119.0,26865.99999999998,0.8333333333333334
425,муниципальный округ Вавожский район,Удмуртская Республика,муниципальный округ,7,0,1,25957.0,13809.000000000011,1.0
428,муниципальный округ Граховский район,Удмуртская Республика,муниципальный округ,7,0,1,25198.0,8624.000000000007,1.0
429,муниципальный округ Дебёсский район,Удмуртская Республика,муниципальный округ,7,0,1,25011.0,10744.000000000004,1.0
430,муниципальный округ Завьяловский район,Удмуртская Республика,муниципальный округ,5,0,1,40753.0,83460.00000000006,1.0
431,муниципальный округ Игринский район,Удмуртская Республика,муниципальный округ,5,1,2,26680.0,32537.99999999998,0.9583333333333334
432,муниципальный округ Камбарский район,Удмуртская Республика,муниципальный округ,5,1,2,28334.0,15569.99999999999,0.9583333333333334
433,муниципальный округ Каракулинский район,Удмуртская Республика,муниципальный округ,7,1,2,21711.0,10094.999999999996,0.875
434,муниципальный округ Кезский район,Удмуртская Республика,муниципальный округ,7,0,1,24037.0,17833.0,1.0
435,муниципальный округ Кизнерский район,Удмуртская Республика,муниципальный округ,7,0,1,26938.0,17495.999999999996,1.0
436,муниципальный округ Киясовский район,Удмуртская Республика,муниципальный округ,7,0,1,22407.0,8517.999999999996,1.0
437,муниципальный округ Красногорский район,Удмуртская Республика,муниципальный округ,7,0,1,23059.0,7480.000000000005,1.0
438,муниципальный округ Малопургинский район,Удмуртская Республика,муниципальный округ,7,0,1,24718.0,30992.999999999996,1.0
440,муниципальный округ Сарапульский район,Удмуртская Республика,муниципальный округ,5,0,1,29325.0,23267.00000000002,1.0
441,муниципальный округ Селтинский район,Удмуртская Республика,муниципальный округ,7,0,1,25665.0,10291.999999999996,1.0
442,муниципальный округ Сюмсинский район,Удмуртская Республика,муниципальный округ,7,0,1,25098.0,9969.999999999993,1.0
443,муниципальный округ Увинский район,Удмуртская Республика,муниципальный округ,5,0,1,31443.0,33738.99999999998,1.0
444,муниципальный округ Шарканский район,Удмуртская Республика,муниципальный округ,7,0,1,24041.0,18885.999999999985,1.0
445,муниципальный округ Юкаменский район,Удмуртская Республика,муниципальный округ,7,0,1,22410.0,7230.9999999999945,1.0
446,муниципальный округ Якшур-Бодьинский район,Удмуртская Республика,муниципальный округ,7,1,2,26514.0,19293.000000000007,0.75
447,муниципальный округ Ярский район,Удмуртская Республика,муниципальный округ,7,0,1,20762.0,10983.00000000001,1.0
448,городской округ город Абакан,Республика Хакасия,городской округ,3,0,1,40040.0,185804.00000000015,1.0
449,городской округ город Абаза,Республика Хакасия,городской округ,6,0,1,32768.0,11961.999999999993,1.0
450,городской округ город Саяногорск,Республика Хакасия,городской округ,4,0,1,37258.0,55711.99999999997,1.0
451,городской округ город Сорск,Республика Хакасия,городской округ,5,5,3,36070.0,10843.0,0.5
452,городской округ город Черногорск,Республика Хакасия,городской округ,5,0,1,37386.0,77948.00000000004,1.0
453,Алтайский муниципальный район,Республика Хакасия,муниципальный район,4,2,2,30877.0,24152.000000000015,0.9583333333333334
455,Бейский муниципальный район,Республика Хакасия,муниципальный район,4,4,2,37309.0,17067.0,0.7916666666666666
456,Боградский муниципальный район,Республика Хакасия,муниципальный район,6,2,2,25200.0,11030.000000000007,0.75
457,Орджоникидзевский муниципальный район,Республика Хакасия,муниципальный район,6,2,2,27282.0,9604.000000000007,0.75
458,Таштыпский муниципальный район,Республика Хакасия,муниципальный район,6,0,1,32161.0,15164.999999999996,1.0
459,Усть-Абаканский муниципальный район,Республика Хакасия,муниципальный район,5,3,3,35834.0,46354.0,0.875
460,Ширинский муниципальный район,Республика Хакасия,муниципальный район,4,5,2,30250.0,24253.000000000015,0.5
478,городской округ город Чебоксары,Чувашская Республика,городской округ,3,0,1,38358.0,506480.0000000004,1.0
479,городской округ город Алатырь,Чувашская Республика,городской округ,5,7,2,26138.0,31303.999999999985,0.625
480,городской округ город Канаш,Чувашская Республика,городской округ,5,0,1,27764.0,43507.99999999996,1.0
481,городской округ город Новочебоксарск,Чувашская Республика,городской округ,5,0,1,36436.0,120767.00000000007,1.0
482,городской округ город Шумерля,Чувашская Республика,городской округ,5,0,1,26196.0,26007.99999999998,1.0
483,Алатырский муниципальный округ,Чувашская Республика,муниципальный округ,7,0,1,20202.0,13313.99999999999,1.0
484,Аликовский муниципальный округ,Чувашская Республика,муниципальный округ,7,0,1,18601.0,13550.000000000007,1.0
485,Батыревский муниципальный округ,Чувашская Республика,муниципальный округ,7,0,1,20469.0,30773.000000000015,1.0
486,Вурнарский муниципальный округ,Чувашская Республика,муниципальный округ,7,1,2,24695.0,28415.000000000022,0.75
487,Ибресинский муниципальный округ,Чувашская Республика,муниципальный округ,7,0,1,20367.0,19914.00000000001,1.0
489,Козловский муниципальный округ,Чувашская Республика,муниципальный округ,7,1,2,23082.0,14831.000000000007,0.875
490,Комсомольский муниципальный округ,Чувашская Республика,муниципальный округ,7,0,1,19530.0,20408.999999999993,1.0
491,Красноармейский муниципальный округ,Чувашская Республика,муниципальный округ,7,0,1,19620.0,12469.999999999993,1.0
492,Красночетайский муниципальный округ,Чувашская Республика,муниципальный округ,7,0,1,19542.0,13525.00000000001,1.0
493,Мариинско-Посадский муниципальный округ,Чувашская Республика,муниципальный округ,7,0,1,19515.0,18507.000000000004,1.0
494,Моргаушский муниципальный округ,Чувашская Республика,муниципальный округ,7,0,1,20963.0,30684.999999999993,1.0
495,Порецкий муниципальный округ,Чувашская Республика,муниципальный округ,7,0,1,23087.0,10342.0,1.0
496,Урмарский муниципальный округ,Чувашская Республика,муниципальный округ,7,0,1,19533.0,20067.00000000002,1.0
497,Цивильский муниципальный округ,Чувашская Республика,муниципальный округ,5,2,2,24606.0,31134.000000000007,0.9166666666666666
498,Чебоксарский муниципальный округ,Чувашская Республика,муниципальный округ,5,0,1,29601.0,61487.000000000044,1.0
499,Шемуршинский муниципальный округ,Чувашская Республика,муниципальный округ,7,0,1,18897.0,11365.000000000007,1.0
500,Шумерлинский муниципальный округ,Чувашская Республика,муниципальный округ,5,1,2,24936.0,7407.000000000005,0.5416666666666666
501,Ядринский муниципальный округ,Чувашская Республика,муниципальный округ,7,1,2,22908.0,22282.000000000015,0.7916666666666666
502,Яльчикский муниципальный округ,Чувашская Республика,муниципальный округ,7,0,1,16864.0,14957.000000000004,1.0
503,Янтиковский муниципальный округ,Чувашская Республика,муниципальный округ,7,0,1,17616.0,12065.00000000001,1.0
504,городской округ город Барнаул,Алтайский край,городской округ,3,0,1,43606.0,687601.0000000003,1.0
505,городской округ город Алейск,Алтайский край,городской округ,5,0,1,34822.0,24604.0,1.0
506,городской округ город Белокуриха,Алтайский край,городской округ,5,5,2,38925.0,14878.99999999999,0.625
507,городской округ город Бийск,Алтайский край,городской округ,3,0,1,41471.0,188779.99999999994,1.0
508,городской округ город Заринск,Алтайский край,городской округ,5,0,1,33451.0,40254.999999999985,1.0
509,городской округ город Новоалтайск,Алтайский край,городской округ,5,0,1,38242.0,73511.00000000001,1.0
510,городской округ город Рубцовск,Алтайский край,городской округ,5,0,1,36572.0,123379.00000000004,1.0
511,муниципальный округ город Славгород,Алтайский край,муниципальный округ,5,5,3,33877.0,36769.000000000015,0.5416666666666666
512,городской округ город Яровое,Алтайский край,городской округ,7,4,2,33882.0,16527.999999999993,0.5833333333333334
514,Алейский муниципальный район,Алтайский край,муниципальный район,7,0,1,25140.0,13793.999999999995,1.0
515,Алтайский муниципальный район,Алтайский край,муниципальный район,6,0,1,30997.0,26283.999999999993,1.0
516,Баевский муниципальный район,Алтайский край,муниципальный район,7,0,1,25065.0,7820.999999999999,1.0
517,Бийский муниципальный район,Алтайский край,муниципальный район,6,1,2,32791.0,31583.000000000025,0.7916666666666666
518,Благовещенский муниципальный район,Алтайский край,муниципальный район,7,5,3,28928.0,25463.999999999985,0.7083333333333334
519,Бурлинский муниципальный район,Алтайский край,муниципальный район,7,0,1,25390.0,7601.000000000004,1.0
520,Быстроистокский муниципальный район,Алтайский край,муниципальный район,7,0,1,22568.0,7119.999999999995,1.0
521,Волчихинский муниципальный район,Алтайский край,муниципальный район,7,2,2,24785.0,14744.000000000002,0.9583333333333334
522,Егорьевский муниципальный район,Алтайский край,муниципальный район,7,0,1,22750.0,10677.999999999995,1.0
523,Ельцовский муниципальный район,Алтайский край,муниципальный район,7,0,1,25422.0,4672.000000000002,1.0
524,Завьяловский муниципальный район,Алтайский край,муниципальный район,7,0,1,25874.0,15469.000000000002,1.0
525,Залесовский муниципальный округ,Алтайский край,муниципальный округ,7,0,1,23324.0,11280.99999999999,1.0
527,Змеиногорский муниципальный район,Алтайский край,муниципальный район,4,6,2,27892.0,15905.000000000005,0.7083333333333334
528,Калманский муниципальный район,Алтайский край,муниципальный район,7,0,1,24465.0,11640.999999999995,1.0
529,Каменский муниципальный район,Алтайский край,муниципальный район,6,3,2,28859.0,39948.99999999999,0.625
530,Ключевский муниципальный район,Алтайский край,муниципальный район,7,0,1,27112.0,12365.999999999995,1.0
531,Косихинский муниципальный район,Алтайский край,муниципальный район,7,0,1,23135.0,13313.99999999999,1.0
532,Красногорский муниципальный район,Алтайский край,муниципальный район,7,0,1,25614.0,12684.999999999998,1.0
533,Краснощёковский муниципальный район,Алтайский край,муниципальный район,7,0,1,25131.0,13622.999999999995,1.0
534,Крутихинский муниципальный район,Алтайский край,муниципальный район,7,0,1,23921.0,7855.999999999994,1.0
535,Кулундинский муниципальный район,Алтайский край,муниципальный район,4,3,2,29195.0,20371.00000000001,0.5833333333333334
536,Курьинский муниципальный район,Алтайский край,муниципальный район,7,0,1,24835.0,8051.000000000003,1.0
537,Кытмановский муниципальный район,Алтайский край,муниципальный район,7,0,1,23042.0,9547.999999999996,1.0
538,Локтевский муниципальный район,Алтайский край,муниципальный район,7,0,1,24253.0,19182.99999999999,1.0
539,Мамонтовский муниципальный район,Алтайский край,муниципальный район,7,0,1,24041.0,17582.000000000007,1.0
540,Михайловский муниципальный район,Алтайский край,муниципальный район,7,0,1,26589.0,16348.999999999998,1.0
541,Новичихинский муниципальный район,Алтайский край,муниципальный район,7,0,1,25584.0,7406.000000000002,1.0
542,Зональный муниципальный район,Алтайский край,муниципальный район,7,0,1,21950.0,16340.999999999993,1.0
543,Павловский муниципальный район,Алтайский край,муниципальный район,7,0,1,27292.0,38446.99999999998,1.0
544,Панкрушихинский муниципальный район,Алтайский край,муниципальный район,7,0,1,24775.0,9098.999999999998,1.0
545,Первомайский муниципальный район,Алтайский край,муниципальный район,7,2,2,28925.0,53358.999999999985,0.75
546,Петропавловский муниципальный район,Алтайский край,муниципальный район,7,2,2,25415.0,10214.000000000005,0.9583333333333334
547,Поспелихинский муниципальный район,Алтайский край,муниципальный район,7,2,2,26327.0,19439.0,0.9583333333333334
548,Ребрихинский муниципальный район,Алтайский край,муниципальный район,7,0,1,21533.0,18726.000000000015,1.0
549,Родинский муниципальный район,Алтайский край,муниципальный район,7,0,1,24002.0,14368.999999999996,1.0
550,Романовский муниципальный район,Алтайский край,муниципальный район,7,0,1,24347.0,10593.999999999993,1.0
552,Смоленский муниципальный район,Алтайский край,муниципальный район,7,0,1,27841.0,20152.99999999999,1.0
553,муниципальный округ Суетский район,Алтайский край,муниципальный округ,7,0,1,25919.0,3263.9999999999973,1.0
554,Советский муниципальный район,Алтайский край,муниципальный район,7,1,2,31104.0,13571.999999999989,0.625
555,Солонешенский муниципальный район,Алтайский край,муниципальный район,7,2,2,26428.0,7152.0000000000055,0.9166666666666666
556,Солтонский муниципальный район,Алтайский край,муниципальный район,7,0,1,21935.0,6044.9999999999945,1.0
557,Шелаболихинский муниципальный район,Алтайский край,муниципальный район,7,0,1,23779.0,10246.000000000005,1.0
558,Табунский муниципальный район,Алтайский край,муниципальный район,7,0,1,28475.0,7059.9999999999945,1.0
559,Тальменский муниципальный район,Алтайский край,муниципальный район,7,0,1,28625.0,42346.00000000001,1.0
560,Тогульский муниципальный район,Алтайский край,муниципальный район,7,0,1,24465.0,6187.0000000000055,1.0
561,Топчихинский муниципальный район,Алтайский край,муниципальный район,7,0,1,26428.0,18142.000000000015,1.0
562,Третьяковский муниципальный район,Алтайский край,муниципальный район,7,0,1,25222.0,10094.000000000005,1.0
563,Троицкий муниципальный район,Алтайский край,муниципальный район,7,0,1,23621.0,17787.0,1.0
564,Тюменцевский муниципальный район,Алтайский край,муниципальный район,7,0,1,25323.0,10800.99999999999,1.0
565,Угловский муниципальный район,Алтайский край,муниципальный район,7,0,1,21667.0,8700.000000000004,1.0
566,Усть-Калманский муниципальный район,Алтайский край,муниципальный район,7,0,1,24005.0,10802.00000000001,1.0
567,Усть-Пристанский муниципальный район,Алтайский край,муниципальный район,7,0,1,23440.0,9078.000000000002,1.0
568,Хабарский муниципальный район,Алтайский край,муниципальный район,7,2,2,24617.0,12198.999999999995,0.9583333333333334
569,Целинный муниципальный район,Алтайский край,муниципальный район,7,0,1,24377.0,12857.000000000011,1.0
570,муниципальный округ Чарышский район,Алтайский край,муниципальный округ,7,0,1,25026.0,9268.000000000004,1.0
571,Шипуновский муниципальный район,Алтайский край,муниципальный район,7,0,1,27391.0,24128.000000000015,1.0
572,Немецкий национальный муниципальный район,Алтайский край,муниципальный район,7,0,1,27834.0,14809.000000000011,1.0
574,городской округ город Петровск-Забайкальский,Забайкальский край,городской округ,4,2,2,34354.0,14473.000000000011,0.875
578,Балейский муниципальный район,Забайкальский край,муниципальный район,4,3,3,35211.0,15274.0,0.75
579,Борзинский муниципальный район,Забайкальский край,муниципальный район,4,0,1,38723.0,43802.99999999997,1.0
580,Газимуро-Заводский муниципальный округ,Забайкальский край,муниципальный округ,2,2,2,37479.0,7884.999999999995,0.9583333333333334
581,Забайкальский муниципальный район,Забайкальский край,муниципальный район,4,0,1,42782.0,19300.00000000001,1.0
582,Каларский муниципальный округ,Забайкальский край,муниципальный округ,2,2,2,46243.0,7206.999999999998,0.9583333333333334
583,Калганский муниципальный округ,Забайкальский край,муниципальный округ,4,2,2,36195.0,5488.000000000005,0.875
584,Карымский муниципальный район,Забайкальский край,муниципальный район,4,0,1,31401.0,33483.00000000002,1.0
585,муниципальный район Город Краснокаменск и Краснокаменский район,Забайкальский край,муниципальный район,4,0,1,38911.0,55781.99999999996,1.0
586,Красночикойский муниципальный район,Забайкальский край,муниципальный район,6,2,2,33605.0,15817.000000000004,0.875
587,Кыринский муниципальный район,Забайкальский край,муниципальный район,4,2,2,38211.0,9949.000000000007,0.875
588,Могочинский муниципальный округ,Забайкальский край,муниципальный округ,2,2,2,37246.0,20766.999999999985,0.875
589,Нерчинский муниципальный район,Забайкальский край,муниципальный район,4,2,2,35649.0,26450.000000000007,0.875
591,Оловяннинский муниципальный район,Забайкальский край,муниципальный район,4,2,2,35117.0,29773.000000000022,0.9166666666666666
592,Ононский муниципальный округ,Забайкальский край,муниципальный округ,6,3,2,30724.0,8214.000000000002,0.9166666666666666
593,Петровск-Забайкальский муниципальный район,Забайкальский край,муниципальный район,4,2,2,31965.0,14576.000000000004,0.875
594,Приаргунский муниципальный округ,Забайкальский край,муниципальный округ,4,2,2,34758.0,15081.99999999999,0.875
595,Сретенский муниципальный район,Забайкальский край,муниципальный район,4,2,2,32885.0,17869.0,0.875
598,Улётовский муниципальный район,Забайкальский край,муниципальный район,4,6,2,30996.0,16786.999999999996,0.625
599,Хилокский муниципальный район,Забайкальский край,муниципальный район,4,2,2,31143.0,24713.0,0.9583333333333334
600,Чернышевский муниципальный район,Забайкальский край,муниципальный район,4,0,1,36000.0,29153.999999999978,1.0
601,Читинский муниципальный район,Забайкальский край,муниципальный район,5,0,1,33248.0,71661.00000000001,1.0
602,Шелопугинский муниципальный район,Забайкальский край,муниципальный район,4,1,2,28814.0,5546.000000000001,0.75
603,Шилкинский муниципальный район,Забайкальский край,муниципальный район,4,0,1,34649.0,35033.99999999999,1.0
604,городской округ поселок Агинское,Забайкальский край,городской округ,6,0,1,32333.0,16730.999999999996,1.0
605,Агинский муниципальный район,Забайкальский край,муниципальный район,6,0,1,32175.0,15564.00000000001,1.0
606,Дульдургинский муниципальный район,Забайкальский край,муниципальный район,6,0,1,29783.0,13632.999999999993,1.0
607,Могойтуйский муниципальный район,Забайкальский край,муниципальный район,6,0,1,32144.0,25089.000000000004,1.0
608,городской округ Петропавловск-Камчатский,Камчатский край,городской округ,3,2,2,69451.0,163151.9999999999,0.875
611,Быстринский муниципальный район,Камчатский край,муниципальный район,1,0,1,47822.0,2390.999999999999,1.0
612,Елизовский муниципальный район,Камчатский край,муниципальный район,4,2,2,66752.0,59888.99999999997,0.875
613,Мильковский муниципальный округ,Камчатский край,муниципальный округ,4,1,2,56841.0,8726.999999999996,0.75
614,Соболевский муниципальный район,Камчатский край,муниципальный район,1,2,2,60444.0,1978.9999999999993,0.875
615,Усть-Большерецкий муниципальный район,Камчатский край,муниципальный район,1,0,1,62120.0,6068.999999999998,1.0
616,Усть-Камчатский муниципальный район,Камчатский край,муниципальный район,1,2,2,61003.0,8449.999999999996,0.9583333333333334
618,Карагинский муниципальный район,Камчатский край,муниципальный район,1,4,2,63777.0,7185.808439050561,0.5833333333333334
619,Олюторский муниципальный район,Камчатский край,муниципальный район,1,3,2,68491.0,7450.330373830507,0.75
621,Тигильский муниципальный район,Камчатский край,муниципальный район,1,2,2,61105.0,9306.381661689038,0.875
666,городской округ город Красноярск,Красноярский край,городской округ,3,0,1,50327.0,1206236.9999999993,1.0
667,городской округ город Ачинск,Красноярский край,городской округ,3,2,2,42151.0,101043.00000000004,0.9166666666666666
668,городской округ город Боготол,Красноярский край,городской округ,4,0,1,30681.0,17509.00000000001,1.0
669,городской округ город Бородино,Красноярский край,городской округ,4,0,1,32485.0,14967.0,1.0
670,городской округ город Дивногорск,Красноярский край,городской округ,5,0,1,40287.0,31561.000000000015,1.0
671,городской округ город Енисейск,Красноярский край,городской округ,4,0,1,42115.0,17842.999999999985,1.0
674,городской округ город Канск,Красноярский край,городской округ,5,0,1,41161.0,85586.99999999994,1.0
675,городской округ город Лесосибирск,Красноярский край,городской округ,4,0,1,42865.0,58714.00000000001,1.0
676,городской округ город Минусинск,Красноярский край,городской округ,5,0,1,42337.0,71318.00000000001,1.0
677,городской округ город Назарово,Красноярский край,городской округ,5,5,2,37099.0,44261.00000000003,0.5416666666666666
678,городской округ город Норильск,Красноярский край,городской округ,2,2,2,62503.0,177426.99999999994,0.9583333333333334
679,городской округ город Сосновоборск,Красноярский край,городской округ,5,0,1,44063.0,40913.00000000002,1.0
680,городской округ город Шарыпово,Красноярский край,городской округ,4,5,2,40223.0,40738.99999999998,0.625
681,городской округ поселок Кедровый,Красноярский край,городской округ,7,0,1,31079.0,3768.999999999998,1.0
683,Абанский муниципальный район,Красноярский край,муниципальный район,7,2,2,27144.0,17763.000000000007,0.5416666666666666
685,Балахтинский муниципальный район,Красноярский край,муниципальный район,4,4,2,33287.0,17853.99999999999,0.75
686,Березовский муниципальный район,Красноярский край,муниципальный район,4,3,2,39676.0,40428.99999999997,0.625
687,Бирилюсский муниципальный район,Красноярский край,муниципальный район,7,3,3,27034.0,7924.000000000004,0.5
689,Богучанский муниципальный район,Красноярский край,муниципальный район,4,0,1,42733.0,42224.99999999999,1.0
690,Большемуртинский муниципальный район,Красноярский край,муниципальный район,4,4,2,29216.0,13528.999999999993,0.75
691,Большеулуйский муниципальный район,Красноярский край,муниципальный район,2,2,2,25221.0,6681.0,0.875
692,Дзержинский муниципальный район,Красноярский край,муниципальный район,6,0,1,28803.0,11389.000000000002,1.0
693,Емельяновский муниципальный район,Красноярский край,муниципальный район,5,4,2,43594.0,55571.99999999997,0.7083333333333334
694,Енисейский муниципальный район,Красноярский край,муниципальный район,4,2,2,35782.0,21238.000000000015,0.9166666666666666
695,Ермаковский муниципальный район,Красноярский край,муниципальный район,6,2,2,32816.0,17422.999999999993,0.9166666666666666
696,Идринский муниципальный район,Красноярский край,муниципальный район,6,3,3,26339.0,10295.000000000007,0.7916666666666666
697,Иланский муниципальный район,Красноярский край,муниципальный район,4,2,2,29815.0,22527.999999999985,0.875
698,Ирбейский муниципальный район,Красноярский край,муниципальный район,4,3,2,28923.0,12610.00000000001,0.5416666666666666
699,Казачинский муниципальный район,Красноярский край,муниципальный район,6,2,2,28260.0,8558.000000000005,0.6666666666666666
701,Каратузский муниципальный район,Красноярский край,муниципальный район,6,2,2,30846.0,13156.999999999993,0.875
702,Кежемский муниципальный район,Красноярский край,муниципальный район,4,0,1,47365.0,16559.0,1.0
703,Козульский муниципальный район,Красноярский край,муниципальный район,4,3,2,29286.0,11808.000000000004,0.5833333333333334
704,Краснотуранский муниципальный район,Красноярский край,муниципальный район,4,3,2,30114.0,12848.000000000004,0.7083333333333334
705,Курагинский муниципальный район,Красноярский край,муниципальный район,4,2,2,33423.0,39269.0,0.875
706,Манский муниципальный район,Красноярский край,муниципальный район,7,2,2,25979.0,13435.999999999989,0.625
708,Мотыгинский муниципальный район,Красноярский край,муниципальный район,2,2,2,41610.0,12008.999999999995,0.875
710,Нижнеингашский муниципальный район,Красноярский край,муниципальный район,4,4,2,32014.0,23479.999999999996,0.75
711,Новоселовский муниципальный район,Красноярский край,муниципальный район,4,3,2,33093.0,10619.000000000007,0.625
712,Партизанский муниципальный район,Красноярский край,муниципальный район,6,5,2,27485.0,7989.000000000006,0.6666666666666666
713,Пировский муниципальный округ,Красноярский край,муниципальный округ,6,3,3,29787.0,5746.999999999998,0.8333333333333334
714,Рыбинский муниципальный район,Красноярский край,муниципальный район,4,2,2,30977.0,29400.000000000007,0.875
715,Саянский муниципальный район,Красноярский край,муниципальный район,6,3,3,27437.0,9056.000000000005,0.75
716,Северо-Енисейский муниципальный район,Красноярский край,муниципальный район,2,0,1,49125.0,8307.999999999998,1.0
717,Сухобузимский муниципальный район,Красноярский край,муниципальный район,6,3,2,30018.0,18911.000000000007,0.5416666666666666
718,Таймырский Долгано-Ненецкий муниципальный район,Красноярский край,муниципальный район,2,0,1,53774.0,29609.000000000007,1.0
719,Тасеевский муниципальный район,Красноярский край,муниципальный район,6,3,3,29391.0,9951.999999999993,0.8333333333333334
720,Туруханский муниципальный район,Красноярский край,муниципальный район,2,0,1,51886.0,12684.000000000007,1.0
721,Тюхтетский муниципальный округ,Красноярский край,муниципальный округ,6,4,2,29418.0,7535.999999999995,0.75
722,Ужурский муниципальный район,Красноярский край,муниципальный район,4,0,1,38141.0,27453.0,1.0
723,Уярский муниципальный район,Красноярский край,муниципальный район,4,2,2,28303.0,17912.000000000004,0.875
724,Шарыповский муниципальный округ,Красноярский край,муниципальный округ,4,5,3,31475.0,11390.00000000001,0.75
725,Шушенский муниципальный район,Красноярский край,муниципальный район,4,4,2,36129.0,30274.0,0.75
726,Эвенкийский муниципальный район,Красноярский край,муниципальный район,2,0,1,47772.0,13257.99999999999,1.0
727,городской округ Пермский,Пермский край,городской округ,3,0,1,46941.0,1026911.9999999999,1.0
731,городской округ Лысьвенский,Пермский край,городской округ,5,0,1,34239.0,61123.99999999995,1.0
734,муниципальный округ Александровский,Пермский край,муниципальный округ,5,0,1,32722.0,22641.99999999999,1.0
735,муниципальный округ Бардымский,Пермский край,муниципальный округ,5,1,2,27231.0,26261.999999999985,0.9583333333333334
736,муниципальный округ Березовский,Пермский край,муниципальный округ,7,0,1,24597.0,13485.999999999993,1.0
737,муниципальный округ Большесосновский,Пермский край,муниципальный округ,7,0,1,27988.0,11729.999999999996,1.0
738,городской округ Верещагинский,Пермский край,городской округ,7,2,2,29719.0,38931.00000000001,0.5416666666666666
739,городской округ Горнозаводский,Пермский край,городской округ,5,0,1,31660.0,21696.99999999998,1.0
741,городской округ Добрянский,Пермский край,городской округ,5,0,1,36154.0,47729.99999999998,1.0
742,муниципальный округ Еловский,Пермский край,муниципальный округ,7,0,1,27393.0,8526.999999999993,1.0
743,городской округ Ильинский,Пермский край,городской округ,7,0,1,23780.0,17130.0,1.0
744,муниципальный округ Карагайский,Пермский край,муниципальный округ,7,0,1,29290.0,19966.99999999998,1.0
745,городской округ город Кизел,Пермский край,городской округ,7,0,1,31222.0,17212.999999999993,1.0
746,муниципальный округ Кишертский,Пермский край,муниципальный округ,7,0,1,23360.0,10872.0,1.0
747,городской округ Красновишерский,Пермский край,городской округ,7,1,2,30507.0,17216.999999999993,0.6666666666666666
748,городской округ Краснокамский,Пермский край,городской округ,5,0,1,40345.0,66475.00000000003,1.0
749,муниципальный округ Куединский,Пермский край,муниципальный округ,5,1,2,29115.0,22949.00000000001,0.5
751,городской округ Нытвенский,Пермский край,городской округ,5,0,1,30748.0,37780.0,1.0
752,городской округ Октябрьский,Пермский край,городской округ,7,1,2,27705.0,23943.999999999985,0.75
753,муниципальный округ Ординский,Пермский край,муниципальный округ,7,0,1,26080.0,13958.000000000002,1.0
754,городской округ Осинский,Пермский край,городской округ,5,0,1,32126.0,26196.000000000004,1.0
755,городской округ Оханский,Пермский край,городской округ,7,0,1,29432.0,14030.000000000004,1.0
756,городской округ Очерский,Пермский край,городской округ,5,1,2,31298.0,22301.0,0.5416666666666666
757,муниципальный округ Пермский,Пермский край,муниципальный округ,5,0,1,41671.0,128717.99999999991,1.0
758,муниципальный округ Сивинский,Пермский край,муниципальный округ,7,0,1,27864.0,11869.0,1.0
760,городской округ Суксунский,Пермский край,городской округ,7,0,1,27338.0,18094.000000000004,1.0
761,муниципальный округ Уинский,Пермский край,муниципальный округ,7,0,1,25884.0,9728.000000000005,1.0
763,городской округ Чайковский,Пермский край,городской округ,5,0,1,37345.0,93784.99999999996,1.0
764,муниципальный округ Частинский,Пермский край,муниципальный округ,7,0,1,27985.0,11782.999999999989,1.0
765,городской округ Чердынский,Пермский край,городской округ,7,0,1,26681.0,14729.99999999999,1.0
766,городской округ Чернушинский,Пермский край,городской округ,5,0,1,34622.0,50392.00000000002,1.0
767,городской округ Чусовской,Пермский край,городской округ,5,0,1,37192.0,63685.99999999997,1.0
769,муниципальный округ Гайнский,Пермский край,муниципальный округ,7,0,1,29929.0,11678.999999999998,1.0
770,муниципальный округ Косинский,Пермский край,муниципальный округ,7,2,2,28501.0,5542.999999999999,0.875
771,муниципальный округ Кочевский,Пермский край,муниципальный округ,7,0,1,25716.0,9258.999999999998,1.0
773,муниципальный округ Юрлинский,Пермский край,муниципальный округ,7,0,1,25027.0,8439.0,1.0
774,муниципальный округ Юсьвинский,Пермский край,муниципальный округ,7,0,1,24001.0,16182.000000000007,1.0
775,городской округ Владивостокский,Приморский край,городской округ,3,2,2,60780.0,622781.9999999994,0.9166666666666666
776,городской округ Арсеньевский,Приморский край,городской округ,4,0,1,45466.0,47014.99999999998,1.0
777,городской округ Артемовский,Приморский край,городской округ,4,0,1,51607.0,117762.00000000003,1.0
778,городской округ Большой Камень,Приморский край,городской округ,4,0,1,47238.0,42502.0,1.0
779,городской округ Дальнегорский,Приморский край,городской округ,4,2,2,41375.0,38542.999999999985,0.9583333333333334
780,городской округ Дальнереченский,Приморский край,городской округ,4,2,2,38841.0,24563.999999999985,0.9583333333333334
781,городской округ Лесозаводский,Приморский край,городской округ,4,2,2,37953.0,39684.999999999985,0.9583333333333334
782,городской округ Находкинский,Приморский край,городской округ,3,4,2,51699.0,135344.9999999999,0.5833333333333334
783,городской округ Партизанский,Приморский край,городской округ,4,2,2,37931.0,39131.99999999997,0.9583333333333334
784,городской округ Спасск-Дальний,Приморский край,городской округ,4,2,2,40878.0,34821.99999999999,0.9583333333333334
785,городской округ Уссурийский,Приморский край,городской округ,3,4,2,52846.0,205434.99999999997,0.7916666666666666
787,Анучинский муниципальный округ,Приморский край,муниципальный округ,4,3,3,32172.0,12237.000000000005,0.9166666666666666
788,Дальнереченский муниципальный район,Приморский край,муниципальный район,6,1,2,30540.0,7792.999999999995,0.8333333333333334
789,Кавалеровский муниципальный округ,Приморский край,муниципальный округ,4,2,2,38118.0,20726.999999999996,0.9583333333333334
790,Кировский муниципальный район,Приморский край,муниципальный район,4,2,2,35915.0,17311.999999999985,0.875
791,Красноармейский муниципальный округ,Приморский край,муниципальный округ,4,2,2,37949.0,13859.000000000007,0.9166666666666666
792,Лазовский муниципальный округ,Приморский край,муниципальный округ,4,0,1,37312.0,11848.000000000005,1.0
793,Михайловский муниципальный район,Приморский край,муниципальный район,4,2,2,27739.0,28473.999999999978,0.9166666666666666
794,Надеждинский муниципальный район,Приморский край,муниципальный район,4,0,1,44161.0,41960.000000000015,1.0
795,Октябрьский муниципальный округ,Приморский край,муниципальный округ,4,3,3,29132.0,22743.000000000007,0.9166666666666666
796,Ольгинский муниципальный округ,Приморский край,муниципальный округ,4,2,2,38900.0,7208.9999999999945,0.9166666666666666
797,Партизанский муниципальный округ,Приморский край,муниципальный округ,4,2,2,39155.0,29888.000000000022,0.9583333333333334
798,Пограничный муниципальный округ,Приморский край,муниципальный округ,4,2,2,32266.0,18095.999999999996,0.9583333333333334
799,Пожарский муниципальный округ,Приморский край,муниципальный округ,4,0,1,41574.0,24093.000000000007,1.0
800,Спасский муниципальный район,Приморский край,муниципальный район,4,0,1,34915.0,19869.999999999993,1.0
801,Тернейский муниципальный округ,Приморский край,муниципальный округ,4,0,1,41017.0,9728.000000000005,1.0
802,Ханкайский муниципальный округ,Приморский край,муниципальный округ,4,2,2,34800.0,17048.999999999985,0.9166666666666666
803,Хасанский муниципальный округ,Приморский край,муниципальный округ,4,0,1,41245.0,24399.999999999996,1.0
804,Хорольский муниципальный округ,Приморский край,муниципальный округ,4,3,3,32709.0,24477.999999999996,0.9166666666666666
805,Черниговский муниципальный округ,Приморский край,муниципальный округ,4,2,2,37896.0,25892.999999999985,0.9583333333333334
806,Чугуевский муниципальный округ,Приморский край,муниципальный округ,4,2,2,38158.0,21089.999999999996,0.9583333333333334
807,Шкотовский муниципальный округ,Приморский край,муниципальный округ,4,0,1,37459.0,21050.999999999996,1.0
808,Яковлевский муниципальный округ,Приморский край,муниципальный округ,4,2,2,33942.0,11969.999999999998,0.875
809,городской округ город Ставрополь,Ставропольский край,городской округ,3,0,1,45159.0,557402.0000000003,1.0
810,Благодарненский муниципальный округ,Ставропольский край,муниципальный округ,5,0,1,29457.0,57014.00000000003,1.0
811,Георгиевский муниципальный округ,Ставропольский край,муниципальный округ,5,0,1,34089.0,157897.99999999988,1.0
812,городской округ город-курорт Ессентуки,Ставропольский край,городской округ,3,3,2,43980.0,123137.99999999991,0.7916666666666666
813,городской округ город-курорт Железноводск,Ставропольский край,городской округ,5,0,1,41589.0,50081.99999999997,1.0
814,Изобильненский муниципальный округ,Ставропольский край,муниципальный округ,5,0,1,34506.0,104095.00000000009,1.0
815,Ипатовский муниципальный округ,Ставропольский край,муниципальный округ,5,4,2,30305.0,56684.000000000015,0.75
817,Кировский муниципальный округ,Ставропольский край,муниципальный округ,5,0,1,29563.0,66368.99999999996,1.0
818,городской округ город Лермонтов,Ставропольский край,городской округ,5,0,1,42172.0,24717.000000000004,1.0
819,Минераловодский муниципальный округ,Ставропольский край,муниципальный округ,5,0,1,38809.0,130864.99999999993,1.0
820,городской округ город Невинномысск,Ставропольский край,городской округ,5,0,1,40946.0,114556.00000000004,1.0
821,Нефтекумский муниципальный округ,Ставропольский край,муниципальный округ,5,0,1,29129.0,59800.99999999998,1.0
822,Новоалександровский муниципальный округ,Ставропольский край,муниципальный округ,5,0,1,32945.0,62245.99999999998,1.0
823,Петровский муниципальный округ,Ставропольский край,муниципальный округ,5,0,1,30215.0,68240.00000000004,1.0
824,городской округ город-курорт Пятигорск,Ставропольский край,городской округ,3,0,1,44105.0,211692.00000000006,1.0
825,Советский муниципальный округ,Ставропольский край,муниципальный округ,5,5,2,30624.0,57691.999999999956,0.5
826,Александровский муниципальный округ,Ставропольский край,муниципальный округ,7,0,1,28776.0,46216.99999999999,1.0
827,Андроповский муниципальный округ,Ставропольский край,муниципальный округ,7,0,1,29610.0,33305.000000000015,1.0
828,Апанасенковский муниципальный округ,Ставропольский край,муниципальный округ,7,0,1,27902.0,29279.00000000001,1.0
829,Арзгирский муниципальный округ,Ставропольский край,муниципальный округ,7,0,1,26453.0,22666.00000000001,1.0
830,Будённовский муниципальный округ,Ставропольский край,муниципальный округ,5,0,1,36816.0,106465.99999999991,1.0
831,Грачёвский муниципальный округ,Ставропольский край,муниципальный округ,7,0,1,26964.0,37958.00000000003,1.0
832,Кочубеевский муниципальный округ,Ставропольский край,муниципальный округ,5,0,1,31548.0,77706.99999999994,1.0
833,Красногвардейский муниципальный округ,Ставропольский край,муниципальный округ,7,0,1,29295.0,35678.00000000002,1.0
834,Курский муниципальный округ,Ставропольский край,муниципальный округ,7,0,1,25949.0,52260.00000000004,1.0
835,Левокумский муниципальный округ,Ставропольский край,муниципальный округ,7,0,1,25136.0,34714.99999999998,1.0
836,Новоселицкий муниципальный округ,Ставропольский край,муниципальный округ,7,0,1,27232.0,24489.999999999985,1.0
838,Степновский муниципальный округ,Ставропольский край,муниципальный округ,7,0,1,25672.0,20368.99999999999,1.0
839,Труновский муниципальный округ,Ставропольский край,муниципальный округ,7,0,1,27589.0,32211.000000000022,1.0
840,Туркменский муниципальный округ,Ставропольский край,муниципальный округ,7,0,1,25342.0,22025.000000000015,1.0
841,Шпаковский муниципальный округ,Ставропольский край,муниципальный округ,5,0,1,42854.0,165228.99999999997,1.0
842,городской округ город Хабаровск,Хабаровский край,городской округ,3,0,1,58667.0,615569.9999999999,1.0
843,городской округ город Комсомольск-на-Амуре,Хабаровский край,городской округ,3,2,2,53165.0,235488.00000000003,0.9166666666666666
844,Амурский муниципальный район,Хабаровский край,муниципальный район,4,0,1,41913.0,55970.0,1.0
846,Бикинский муниципальный район,Хабаровский край,муниципальный район,4,0,1,46104.0,21147.0,1.0
847,Ванинский муниципальный район,Хабаровский край,муниципальный район,4,0,1,49702.0,33535.00000000002,1.0
848,Верхнебуреинский муниципальный район,Хабаровский край,муниципальный район,2,2,2,44607.0,24440.99999999998,0.875
849,Вяземский муниципальный район,Хабаровский край,муниципальный район,4,3,3,37195.0,19202.0,0.9166666666666666
851,муниципальный район имени Лазо,Хабаровский край,муниципальный район,4,2,2,33591.0,37861.00000000003,0.9166666666666666
852,Нанайский муниципальный район,Хабаровский край,муниципальный район,4,0,1,33665.0,13922.000000000011,1.0
853,Николаевский муниципальный район,Хабаровский край,муниципальный район,4,1,2,50803.0,23555.000000000007,0.6666666666666666
854,Охотский муниципальный округ,Хабаровский край,муниципальный округ,1,0,1,55060.0,6325.999999999997,1.0
855,муниципальный район имени Полины Осипенко,Хабаровский край,муниципальный район,1,0,1,39855.0,3531.9999999999995,1.0
856,Советско-Гаванский муниципальный район,Хабаровский край,муниципальный район,4,0,1,47005.0,36352.0,1.0
857,Солнечный муниципальный район,Хабаровский край,муниципальный район,4,0,1,36064.0,26843.000000000022,1.0
858,Тугуро-Чумиканский муниципальный район,Хабаровский край,муниципальный район,1,1,2,54458.0,1859.0000000000002,0.625
859,Ульчский муниципальный район,Хабаровский край,муниципальный район,4,5,2,38568.0,13976.999999999995,0.7916666666666666
860,Хабаровский муниципальный район,Хабаровский край,муниципальный район,0,2,3,52051.0,82379.99999999997,0.5833333333333334
870,Архаринский муниципальный округ,Амурская область,муниципальный округ,4,0,1,33699.0,12372.00000000001,1.0
871,Белогорский муниципальный округ,Амурская область,муниципальный округ,4,2,2,40620.0,17004.00000000001,0.9583333333333334
872,Благовещенский муниципальный округ,Амурская область,муниципальный округ,5,2,2,53235.0,35809.999999999985,0.9166666666666666
873,Бурейский муниципальный округ,Амурская область,муниципальный округ,4,0,1,34751.0,16565.99999999999,1.0
874,Завитинский муниципальный округ,Амурская область,муниципальный округ,4,0,1,30998.0,11590.000000000002,1.0
875,Зейский муниципальный округ,Амурская область,муниципальный округ,4,3,2,45655.0,11286.999999999995,0.625
876,Ивановский муниципальный округ,Амурская область,муниципальный округ,4,2,2,38447.0,20784.999999999985,0.875
877,Константиновский муниципальный район,Амурская область,муниципальный район,4,2,2,30473.0,10665.999999999995,0.875
878,Магдагачинский муниципальный район,Амурская область,муниципальный район,2,2,2,34742.0,16478.000000000015,0.875
879,Мазановский муниципальный район,Амурская область,муниципальный район,4,2,2,34139.0,9172.999999999995,0.875
880,Михайловский муниципальный район,Амурская область,муниципальный район,4,2,2,34251.0,12247.999999999996,0.875
881,Октябрьский муниципальный район,Амурская область,муниципальный район,4,2,2,38051.0,18389.999999999996,0.9583333333333334
882,Ромненский муниципальный округ,Амурская область,муниципальный округ,4,2,2,30951.0,7208.9999999999945,0.875
883,Свободненский муниципальный район,Амурская область,муниципальный район,2,2,2,33187.0,11317.999999999993,0.875
884,Селемджинский муниципальный район,Амурская область,муниципальный район,2,2,2,42645.0,7106.999999999996,0.875
885,Серышевский муниципальный округ,Амурская область,муниципальный округ,4,2,2,35426.0,20859.0,0.9166666666666666
886,Сковородинский муниципальный округ,Амурская область,муниципальный округ,2,2,2,36531.0,19790.000000000015,0.8333333333333334
888,Тындинский муниципальный округ,Амурская область,муниципальный округ,2,2,2,48675.0,13369.999999999993,0.875
889,Шимановский муниципальный округ,Амурская область,муниципальный округ,4,3,3,37937.0,5003.000000000001,0.4583333333333333
890,городской округ город Архангельск,Архангельская область,городской округ,3,0,1,49738.0,301376.0000000002,1.0
891,городской округ город Коряжма,Архангельская область,городской округ,5,0,1,39238.0,33662.99999999997,1.0
892,городской округ Котлас,Архангельская область,городской округ,5,0,1,42591.0,66838.00000000004,1.0
895,городской округ город Новодвинск,Архангельская область,городской округ,5,0,1,33347.0,32638.999999999978,1.0
896,городской округ Северодвинск,Архангельская область,городской округ,2,3,3,51675.0,156310.00000000006,0.5
897,Вельский муниципальный район,Архангельская область,муниципальный район,5,0,1,37333.0,44861.99999999996,1.0
898,Верхнетоемский муниципальный округ,Архангельская область,муниципальный округ,7,5,3,27372.0,10925.0,0.5833333333333334
899,муниципальный округ Вилегодский,Архангельская область,муниципальный округ,7,4,4,30737.0,8586.000000000002,0.75
900,Виноградовский муниципальный округ,Архангельская область,муниципальный округ,6,5,2,31690.0,12370.999999999995,0.625
901,муниципальный округ Каргопольский,Архангельская область,муниципальный округ,7,3,2,33363.0,14659.999999999989,0.625
902,Коношский муниципальный район,Архангельская область,муниципальный район,5,1,2,34638.0,17807.000000000015,0.9583333333333334
903,Котласский муниципальный округ,Архангельская область,муниципальный округ,5,6,3,28776.0,17118.999999999993,0.5416666666666666
904,Красноборский муниципальный округ,Архангельская область,муниципальный округ,7,0,1,27151.0,10008.000000000005,1.0
905,Ленский муниципальный район,Архангельская область,муниципальный район,4,2,2,36789.0,9646.000000000004,0.9166666666666666
907,Мезенский муниципальный округ,Архангельская область,муниципальный округ,4,0,1,27147.0,7098.000000000004,1.0
908,Няндомский муниципальный округ,Архангельская область,муниципальный округ,4,6,2,36488.0,22612.999999999985,0.75
909,Онежский муниципальный район,Архангельская область,муниципальный район,5,1,2,36481.0,23456.000000000004,0.875
911,Плесецкий муниципальный округ,Архангельская область,муниципальный округ,5,1,2,36967.0,33076.99999999998,0.875
912,Приморский муниципальный округ,Архангельская область,муниципальный округ,5,5,2,43083.0,28908.000000000022,0.5416666666666666
913,Устьянский муниципальный округ,Архангельская область,муниципальный округ,4,6,2,34211.0,23280.00000000002,0.75
914,Холмогорский муниципальный округ,Архангельская область,муниципальный округ,7,1,2,27420.0,17957.000000000015,0.8333333333333334
915,Шенкурский муниципальный округ,Архангельская область,муниципальный округ,7,5,3,29844.0,10435.999999999995,0.5
916,городской округ город Нарьян-Мар,Ненецкий автономный округ,городской округ,2,0,1,55602.0,37097.58440886704,1.0
917,муниципальный район Заполярный район,Ненецкий автономный округ,муниципальный район,2,0,1,51796.0,28308.29095578306,1.0
918,городской округ город Астрахань,Астраханская область,городской округ,3,0,1,40138.0,465524.00000000035,1.0
920,Ахтубинский муниципальный район,Астраханская область,муниципальный район,5,0,1,31862.0,57029.999999999956,1.0
922,Енотаевский муниципальный район,Астраханская область,муниципальный район,7,0,1,25441.0,25039.000000000007,1.0
923,Икрянинский муниципальный район,Астраханская область,муниципальный район,7,0,1,24664.0,47744.00000000001,1.0
924,Камызякский муниципальный район,Астраханская область,муниципальный район,7,0,1,23155.0,46891.99999999997,1.0
925,Красноярский муниципальный район,Астраханская область,муниципальный район,5,1,2,22250.0,35860.000000000015,0.9583333333333334
926,Лиманский муниципальный район,Астраханская область,муниципальный район,7,0,1,26404.0,27717.000000000004,1.0
927,Наримановский муниципальный район,Астраханская область,муниципальный район,5,0,1,35742.0,47528.00000000001,1.0
928,Приволжский муниципальный район,Астраханская область,муниципальный район,5,0,1,38493.0,66668.99999999994,1.0
929,Харабалинский муниципальный район,Астраханская область,муниципальный район,7,0,1,24866.0,39434.00000000004,1.0
930,Черноярский муниципальный район,Астраханская область,муниципальный район,7,0,1,24719.0,19298.00000000001,1.0
986,городской округ город Владимир,Владимирская область,городской округ,3,0,1,47263.0,346684.9999999999,1.0
987,городской округ город Гусь-Хрустальный,Владимирская область,городской округ,5,0,1,37413.0,51182.00000000003,1.0
988,городской округ город Ковров,Владимирская область,городской округ,3,0,1,43359.0,128878.99999999991,1.0
989,городской округ округ Муром,Владимирская область,городской округ,5,0,1,39202.0,112090.99999999991,1.0
991,Александровский муниципальный район,Владимирская область,муниципальный район,5,0,1,44057.0,102656.99999999991,1.0
992,Вязниковский муниципальный район,Владимирская область,муниципальный район,5,0,1,34004.0,66874.99999999994,1.0
993,Гороховецкий муниципальный район,Владимирская область,муниципальный район,5,0,1,33044.0,19900.999999999993,1.0
994,Гусь-Хрустальный муниципальный район,Владимирская область,муниципальный район,5,1,2,25980.0,38749.000000000015,0.9583333333333334
995,Камешковский муниципальный район,Владимирская область,муниципальный район,5,0,1,31971.0,30465.999999999996,1.0
996,Киржачский муниципальный район,Владимирская область,муниципальный район,5,0,1,43829.0,37949.99999999999,1.0
998,Кольчугинский муниципальный район,Владимирская область,муниципальный район,5,0,1,41226.0,47188.00000000002,1.0
999,Меленковский муниципальный район,Владимирская область,муниципальный район,5,1,2,27374.0,31240.00000000002,0.5
1001,Петушинский муниципальный район,Владимирская область,муниципальный район,5,0,1,44521.0,58074.000000000015,1.0
1002,Селивановский муниципальный район,Владимирская область,муниципальный район,7,0,1,26807.0,16758.000000000015,1.0
1003,Собинский муниципальный район,Владимирская область,муниципальный район,5,0,1,34074.0,48499.999999999985,1.0
1004,Судогодский муниципальный район,Владимирская область,муниципальный район,5,0,1,30538.0,34005.000000000015,1.0
1005,Суздальский муниципальный район,Владимирская область,муниципальный район,5,0,1,39451.0,46532.00000000003,1.0
1006,Юрьев-Польский муниципальный район,Владимирская область,муниципальный район,5,0,1,34150.0,30783.999999999985,1.0
1007,городской округ город-герой Волгоград,Волгоградская область,городской округ,3,0,1,41446.0,1018897.9999999997,1.0
1008,городской округ город Волжский,Волгоградская область,городской округ,3,0,1,38683.0,315219.9999999999,1.0
1009,городской округ город Камышин,Волгоградская область,городской округ,5,0,1,38789.0,105187.00000000001,1.0
1010,городской округ город Михайловка,Волгоградская область,городской округ,5,0,1,33246.0,82402.00000000001,1.0
1011,городской округ город Урюпинск,Волгоградская область,городской округ,5,0,1,33142.0,35084.999999999985,1.0
1012,городской округ город Фролово,Волгоградская область,городской округ,5,0,1,30409.0,34173.00000000001,1.0
1013,Алексеевский муниципальный район,Волгоградская область,муниципальный район,7,0,1,28650.0,14771.000000000011,1.0
1014,Быковский муниципальный район,Волгоградская область,муниципальный район,7,0,1,25149.0,24853.999999999993,1.0
1015,Городищенский муниципальный район,Волгоградская область,муниципальный район,5,0,1,31531.0,59926.99999999996,1.0
1016,Даниловский муниципальный район,Волгоградская область,муниципальный район,7,0,1,27200.0,12175.000000000002,1.0
1017,Дубовский муниципальный район,Волгоградская область,муниципальный район,7,1,2,27633.0,28636.99999999999,0.8333333333333334
1018,Еланский муниципальный район,Волгоградская область,муниципальный район,5,3,2,29057.0,27976.00000000002,0.7916666666666666
1019,Жирновский муниципальный район,Волгоградская область,муниципальный район,5,0,1,28846.0,35986.00000000003,1.0
1020,Иловлинский муниципальный район,Волгоградская область,муниципальный район,5,1,2,27282.0,30649.99999999999,0.75
1021,Калачевский муниципальный район,Волгоградская область,муниципальный район,5,0,1,33409.0,50507.000000000044,1.0
1023,Киквидзенский муниципальный район,Волгоградская область,муниципальный район,7,0,1,28278.0,14535.99999999999,1.0
1024,Клетский муниципальный район,Волгоградская область,муниципальный район,7,0,1,27469.0,15893.000000000005,1.0
1025,Котельниковский муниципальный район,Волгоградская область,муниципальный район,5,0,1,33356.0,36842.00000000003,1.0
1026,Котовский муниципальный район,Волгоградская область,муниципальный район,5,0,1,29272.0,28607.999999999975,1.0
1027,Кумылженский муниципальный район,Волгоградская область,муниципальный район,7,0,1,24961.0,17511.000000000004,1.0
1028,Ленинский муниципальный район,Волгоградская область,муниципальный район,7,0,1,26675.0,27111.00000000001,1.0
1029,Нехаевский муниципальный район,Волгоградская область,муниципальный район,7,0,1,26160.0,12812.999999999993,1.0
1030,Николаевский муниципальный район,Волгоградская область,муниципальный район,7,0,1,27607.0,28193.000000000022,1.0
1031,Новоаннинский муниципальный район,Волгоградская область,муниципальный район,7,3,2,30594.0,31431.000000000004,0.6666666666666666
1032,Новониколаевский муниципальный район,Волгоградская область,муниципальный район,7,0,1,30148.0,19462.999999999996,1.0
1033,Октябрьский муниципальный район,Волгоградская область,муниципальный район,7,0,1,27385.0,20004.999999999993,1.0
1034,Ольховский муниципальный район,Волгоградская область,муниципальный район,7,0,1,27568.0,15779.999999999998,1.0
1035,Палласовский муниципальный район,Волгоградская область,муниципальный район,7,0,1,27066.0,37910.99999999999,1.0
1036,Руднянский муниципальный район,Волгоградская область,муниципальный район,7,0,1,29204.0,14069.999999999993,1.0
1037,Светлоярский муниципальный район,Волгоградская область,муниципальный район,5,2,2,31330.0,33189.00000000001,0.9583333333333334
1038,Серафимовичский муниципальный район,Волгоградская область,муниципальный район,7,0,1,27478.0,21810.99999999998,1.0
1039,Среднеахтубинский муниципальный район,Волгоградская область,муниципальный район,5,0,1,35345.0,61526.0,1.0
1040,Старополтавский муниципальный район,Волгоградская область,муниципальный район,7,0,1,26403.0,16630.000000000007,1.0
1041,Суровикинский муниципальный район,Волгоградская область,муниципальный район,5,4,2,28781.0,33010.000000000015,0.5
1044,Чернышковский муниципальный район,Волгоградская область,муниципальный район,7,0,1,26139.0,12986.000000000005,1.0
1047,Бабаевский муниципальный округ,Вологодская область,муниципальный округ,5,0,1,32251.0,18827.000000000004,1.0
1048,Бабушкинский муниципальный округ,Вологодская область,муниципальный округ,7,0,1,26640.0,9515.000000000005,1.0
1049,Белозерский муниципальный округ,Вологодская область,муниципальный округ,5,0,1,32835.0,13265.000000000004,1.0
1051,Великоустюгский муниципальный округ,Вологодская область,муниципальный округ,5,0,1,35160.0,49167.00000000002,1.0
1052,Верховажский муниципальный округ,Вологодская область,муниципальный округ,7,0,1,30575.0,12428.000000000002,1.0
1053,Вожегодский муниципальный округ,Вологодская область,муниципальный округ,7,1,2,29338.0,13653.999999999998,0.9166666666666666
1054,Вологодский муниципальный округ,Вологодская область,муниципальный округ,5,0,1,38968.0,52112.00000000002,1.0
1055,Вытегорский муниципальный район,Вологодская область,муниципальный район,4,4,2,37323.0,21919.00000000001,0.75
1056,Грязовецкий муниципальный округ,Вологодская область,муниципальный округ,5,0,1,29556.0,31659.999999999985,1.0
1057,Кадуйский муниципальный округ,Вологодская область,муниципальный округ,5,0,1,31256.0,16432.999999999985,1.0
1058,Кирилловский муниципальный округ,Вологодская область,муниципальный округ,7,1,2,28672.0,14037.999999999987,0.9166666666666666
1059,Кичменгско-Городецкий муниципальный округ,Вологодская область,муниципальный округ,7,0,1,28568.0,14277.999999999996,1.0
1060,Междуреченский муниципальный округ,Вологодская область,муниципальный округ,7,0,1,24641.0,4833.999999999997,1.0
1061,Никольский муниципальный округ,Вологодская область,муниципальный округ,7,0,1,30013.0,18640.999999999996,1.0
1062,Нюксенский муниципальный округ,Вологодская область,муниципальный округ,4,3,2,29082.0,8427.000000000005,0.625
1063,Сокольский муниципальный округ,Вологодская область,муниципальный округ,5,0,1,35467.0,44620.99999999998,1.0
1064,Сямженский муниципальный округ,Вологодская область,муниципальный округ,7,0,1,26134.0,8004.999999999999,1.0
1065,Тарногский муниципальный округ,Вологодская область,муниципальный округ,7,0,1,28785.0,10380.999999999998,1.0
1066,Тотемский муниципальный округ,Вологодская область,муниципальный округ,5,0,1,31064.0,21923.000000000004,1.0
1067,Усть-Кубинский муниципальный округ,Вологодская область,муниципальный округ,7,0,1,27404.0,7282.000000000002,1.0
1068,Устюженский муниципальный округ,Вологодская область,муниципальный округ,7,0,1,31559.0,15130.000000000002,1.0
1069,Харовский муниципальный округ,Вологодская область,муниципальный округ,7,0,1,30687.0,12814.000000000007,1.0
1070,Чагодощенский муниципальный округ,Вологодская область,муниципальный округ,5,0,1,35435.0,10918.99999999999,1.0
1071,Череповецкий муниципальный район,Вологодская область,муниципальный район,5,0,1,36598.0,39202.0,1.0
1072,Шекснинский муниципальный район,Вологодская область,муниципальный район,5,0,1,35161.0,28757.99999999999,1.0
1107,городской округ Иваново,Ивановская область,городской округ,3,0,1,43968.0,191897.8004473301,1.0
1108,городской округ Вичуга,Ивановская область,городской округ,7,0,1,28262.0,22020.856442027416,1.0
1109,городской округ Кинешма,Ивановская область,городской округ,5,0,1,35417.0,49487.04749724492,1.0
1110,городской округ Кохма,Ивановская область,городской округ,5,0,1,36427.0,42919.14077215444,1.0
1111,городской округ Тейково,Ивановская область,городской округ,5,0,1,30947.0,35402.84454430276,1.0
1112,городской округ Шуя,Ивановская область,городской округ,5,0,1,34128.0,42632.633947870985,1.0
1113,Вичугский муниципальный район,Ивановская область,муниципальный район,7,0,1,27804.0,14505.115284608868,1.0
1115,Гаврилово-Посадский муниципальный район,Ивановская область,муниципальный район,7,0,1,26470.0,16730.624105200855,1.0
1116,Заволжский муниципальный район,Ивановская область,муниципальный район,7,0,1,31079.0,23735.145665968066,1.0
1117,Ивановский муниципальный район,Ивановская область,муниципальный район,5,0,1,43086.0,86199.04731927013,1.0
1118,Ильинский муниципальный район,Ивановская область,муниципальный район,7,0,1,22990.0,10923.984904507626,1.0
1119,Кинешемский муниципальный район,Ивановская область,муниципальный район,5,1,2,29954.0,15639.134136688508,0.5
1120,Комсомольский муниципальный район,Ивановская область,муниципальный район,7,0,1,29677.0,14416.260237603252,1.0
1121,Лежневский муниципальный район,Ивановская область,муниципальный район,7,1,2,25267.0,15314.315467982473,0.9166666666666666
1122,Лухский муниципальный район,Ивановская область,муниципальный район,7,0,1,24402.0,13075.12601869104,1.0
1123,Палехский муниципальный район,Ивановская область,муниципальный район,7,0,1,28268.0,12963.560456832893,1.0
1124,Пестяковский муниципальный район,Ивановская область,муниципальный район,7,0,1,23362.0,10809.455352816396,1.0
1125,Приволжский муниципальный район,Ивановская область,муниципальный район,7,0,1,30883.0,18776.146039382893,1.0
1126,Пучежский муниципальный район,Ивановская область,муниципальный район,7,0,1,24723.0,12105.399059756313,1.0
1127,Родниковский муниципальный район,Ивановская область,муниципальный район,5,2,2,29291.0,23075.604986166698,0.9166666666666666
1128,Савинский муниципальный район,Ивановская область,муниципальный район,7,0,1,26019.0,11653.986793376245,1.0
1129,Тейковский муниципальный район,Ивановская область,муниципальный район,7,0,1,25875.0,14114.385978372613,1.0
1130,Фурмановский муниципальный район,Ивановская область,муниципальный район,5,0,1,28536.0,29368.543589063236,1.0
1131,Шуйский муниципальный район,Ивановская область,муниципальный район,5,0,1,32565.0,31626.4339275302,1.0
1132,Южский муниципальный район,Ивановская область,муниципальный район,7,0,1,28178.0,14914.158061987731,1.0
1133,Юрьевецкий муниципальный район,Ивановская область,муниципальный район,7,0,1,26316.0,10437.122485662687,1.0
1134,городской округ город Иркутск,Иркутская область,городской округ,3,0,1,48813.0,606369.0000000002,1.0
1135,городской округ Ангарский,Иркутская область,городской округ,3,0,1,42045.0,229084.99999999994,1.0
1136,городской округ город Братск,Иркутская область,городской округ,3,0,1,45311.0,220096.99999999985,1.0
1137,городской округ Зима,Иркутская область,городской округ,4,0,1,33335.0,29876.999999999978,1.0
1138,городской округ город Саянск,Иркутская область,городской округ,4,0,1,36673.0,35724.000000000015,1.0
1139,городской округ город Тулун,Иркутская область,городской округ,4,0,1,36644.0,37582.99999999997,1.0
1140,городской округ город Усолье-Сибирское,Иркутская область,городской округ,4,2,2,40835.0,72594.0,0.9583333333333334
1141,городской округ город Усть-Илимск,Иркутская область,городской округ,4,0,1,44468.0,77761.99999999996,1.0
1142,городской округ город Черемхово,Иркутская область,городской округ,4,0,1,38037.0,53160.00000000004,1.0
1143,городской округ город Свирск,Иркутская область,городской округ,4,2,2,32871.0,15270.000000000004,0.875
1144,Балаганский муниципальный район,Иркутская область,муниципальный район,6,2,2,30600.0,8576.999999999995,0.75
1146,Братский муниципальный район,Иркутская область,муниципальный район,5,0,1,27933.0,47236.000000000015,1.0
1147,Жигаловский муниципальный район,Иркутская область,муниципальный район,2,2,2,36263.0,9746.999999999996,0.875
1148,Заларинский муниципальный район,Иркутская область,муниципальный район,6,0,1,32192.0,26236.000000000004,1.0
1149,Зиминский муниципальный район,Иркутская область,муниципальный район,6,3,2,31073.0,12069.999999999993,0.6666666666666666
1150,Иркутский муниципальный район,Иркутская область,муниципальный район,0,0,1,47561.0,167989.00000000015,1.0
1151,Казачинско-Ленский муниципальный район,Иркутская область,муниципальный район,2,2,2,45060.0,14909.999999999998,0.9583333333333334
1152,Катангский муниципальный район,Иркутская область,муниципальный район,2,0,1,45042.0,3016.0000000000014,1.0
1153,Качугский муниципальный район,Иркутская область,муниципальный район,6,0,1,30264.0,15043.999999999996,1.0
1154,Киренский муниципальный район,Иркутская область,муниципальный район,2,2,2,42493.0,15936.000000000005,0.875
1155,Куйтунский муниципальный район,Иркутская область,муниципальный район,4,4,2,31684.0,26931.000000000004,0.5
1157,Нижнеилимский муниципальный район,Иркутская область,муниципальный район,4,0,1,37372.0,41873.0,1.0
1158,Нижнеудинский муниципальный район,Иркутская область,муниципальный район,4,0,1,33798.0,51697.99999999998,1.0
1159,Ольхонский муниципальный район,Иркутская область,муниципальный район,6,0,1,26559.0,10483.000000000007,1.0
1160,Слюдянский муниципальный район,Иркутская область,муниципальный район,4,0,1,33459.0,38424.000000000015,1.0
1161,Тайшетский муниципальный район,Иркутская область,муниципальный район,4,0,1,36231.0,69772.99999999996,1.0
1163,Усольский муниципальный район,Иркутская область,муниципальный район,5,3,2,32951.0,47850.00000000002,0.75
1164,Усть-Илимский муниципальный район,Иркутская область,муниципальный район,4,2,2,29017.0,12733.999999999996,0.9583333333333334
1165,Усть-Кутский муниципальный район,Иркутская область,муниципальный район,2,0,1,48199.0,41632.99999999997,1.0
1166,Усть-Удинский муниципальный район,Иркутская область,муниципальный район,6,0,1,29754.0,13291.000000000004,1.0
1167,Черемховский муниципальный район,Иркутская область,муниципальный район,4,4,2,31916.0,28179.999999999996,0.8333333333333334
1168,Чунский муниципальный район,Иркутская область,муниципальный район,4,4,2,31847.0,26448.000000000004,0.75
1169,Шелеховский муниципальный район,Иркутская область,муниципальный район,4,0,1,41920.0,63682.999999999985,1.0
1170,Аларский муниципальный район,Иркутская область,муниципальный район,6,0,1,32897.0,22319.999999999985,1.0
1171,Баяндаевский муниципальный район,Иркутская область,муниципальный район,6,0,1,26976.0,11534.00000000001,1.0
1172,Боханский муниципальный район,Иркутская область,муниципальный район,6,0,1,27882.0,25158.999999999978,1.0
1173,Нукутский муниципальный район,Иркутская область,муниципальный район,6,0,1,30858.0,14901.99999999999,1.0
1174,Осинский муниципальный район,Иркутская область,муниципальный район,6,0,1,27607.0,20704.0,1.0
1175,Эхирит-Булагатский муниципальный район,Иркутская область,муниципальный район,6,0,1,28198.0,29626.00000000001,1.0
1176,городской округ город Калининград,Калининградская область,городской округ,3,0,1,48687.0,489583.9999999998,1.0
1178,городской округ Мамоновский,Калининградская область,городской округ,7,1,2,26892.0,8458.000000000005,0.75
1179,городской округ Пионерский,Калининградская область,городской округ,5,0,1,37975.0,12928.0,1.0
1180,городской округ Светловский,Калининградская область,городской округ,5,0,1,27236.0,27485.999999999996,1.0
1181,городской округ Советский,Калининградская область,городской округ,5,0,1,33177.0,38473.999999999985,1.0
1182,городской округ Янтарный,Калининградская область,городской округ,5,0,1,34026.0,7206.000000000003,1.0
1183,муниципальный округ Багратионовский,Калининградская область,муниципальный округ,5,1,2,27032.0,32981.00000000001,0.625
1184,городской округ Балтийский,Калининградская область,городской округ,5,0,1,43335.0,29288.999999999985,1.0
1185,муниципальный округ Гвардейский,Калининградская область,муниципальный округ,5,0,1,29042.0,28931.00000000001,1.0
1186,муниципальный округ Гурьевский,Калининградская область,муниципальный округ,0,2,3,47765.0,110395.00000000007,0.5833333333333334
1187,городской округ Гусевский,Калининградская область,городской округ,5,0,1,33488.0,37471.99999999998,1.0
1188,муниципальный округ Зеленоградский,Калининградская область,муниципальный округ,5,2,2,51675.0,39588.0,0.9583333333333334
1189,муниципальный округ Краснознаменский,Калининградская область,муниципальный округ,7,0,1,31892.0,10823.000000000002,1.0
1190,городской округ Светлогорский,Калининградская область,городской округ,5,0,1,48109.0,21165.0,1.0
1191,муниципальный округ Неманский,Калининградская область,муниципальный округ,5,0,1,31958.0,15266.99999999999,1.0
1192,муниципальный округ Нестеровский,Калининградская область,муниципальный округ,7,0,1,29496.0,11632.000000000002,1.0
1193,муниципальный округ Озерский,Калининградская область,муниципальный округ,7,0,1,27457.0,12553.000000000004,1.0
1194,муниципальный округ Полесский,Калининградская область,муниципальный округ,5,1,2,27857.0,17006.999999999993,0.5
1195,муниципальный округ Правдинский,Калининградская область,муниципальный округ,7,1,2,25387.0,18045.0,0.875
1196,муниципальный округ Славский,Калининградская область,муниципальный округ,7,0,1,31464.0,15572.999999999998,1.0
1197,муниципальный округ Черняховский,Калининградская область,муниципальный округ,5,0,1,34809.0,45311.99999999998,1.0
1198,городской округ город Калуга,Калужская область,городской округ,3,0,1,47484.0,351103.0000000002,1.0
1200,Бабынинский муниципальный район,Калужская область,муниципальный район,5,0,1,29739.0,20664.99999999999,1.0
1201,Барятинский муниципальный район,Калужская область,муниципальный район,7,0,1,32302.0,5446.000000000004,1.0
1203,Дзержинский муниципальный район,Калужская область,муниципальный район,5,0,1,31443.0,56425.99999999998,1.0
1204,Думиничский муниципальный район,Калужская область,муниципальный район,7,0,1,28656.0,13284.00000000001,1.0
1205,Жиздринский муниципальный район,Калужская область,муниципальный район,7,0,1,33377.0,9806.999999999998,1.0
1206,Жуковский муниципальный район,Калужская область,муниципальный район,5,0,1,35541.0,60240.00000000002,1.0
1207,Кировский муниципальный район,Калужская область,муниципальный район,5,0,1,36404.0,37539.99999999997,1.0
1208,Износковский муниципальный район,Калужская область,муниципальный район,7,0,1,30520.0,6363.000000000001,1.0
1209,Козельский муниципальный район,Калужская область,муниципальный район,5,0,1,34618.0,38129.000000000015,1.0
1210,Куйбышевский муниципальный район,Калужская область,муниципальный район,7,0,1,29510.0,7290.999999999997,1.0
1211,Людиновский муниципальный район,Калужская область,муниципальный район,5,0,1,35124.0,38133.99999999998,1.0
1212,Малоярославецкий муниципальный район,Калужская область,муниципальный район,5,0,1,40847.0,69193.99999999997,1.0
1213,Медынский муниципальный район,Калужская область,муниципальный район,5,0,1,31871.0,12186.999999999989,1.0
1214,Мещовский муниципальный район,Калужская область,муниципальный район,7,0,1,28189.0,11279.999999999996,1.0
1215,Мосальский муниципальный район,Калужская область,муниципальный район,7,0,1,29544.0,9032.000000000007,1.0
1216,Перемышльский муниципальный район,Калужская область,муниципальный район,7,0,1,27987.0,14402.000000000011,1.0
1217,Спас-Деменский муниципальный район,Калужская область,муниципальный район,7,0,1,29884.0,7334.0,1.0
1218,Сухиничский муниципальный район,Калужская область,муниципальный район,5,2,2,31405.0,22227.000000000015,0.7916666666666666
1219,Тарусский муниципальный район,Калужская область,муниципальный район,5,0,1,34154.0,16374.999999999985,1.0
1220,Ульяновский муниципальный район,Калужская область,муниципальный район,7,0,1,32766.0,6942.000000000005,1.0
1221,Ферзиковский муниципальный район,Калужская область,муниципальный район,5,0,1,36754.0,18112.00000000001,1.0
1222,Хвастовичский муниципальный район,Калужская область,муниципальный район,7,0,1,26432.0,9684.999999999998,1.0
1223,Юхновский муниципальный район,Калужская область,муниципальный район,7,0,1,30201.0,12595.999999999996,1.0
1224,городской округ Кемеровский,Кемеровская область,городской округ,3,0,1,46932.0,549361.9999999997,1.0
1225,городской округ Анжеро-Судженский,Кемеровская область,городской округ,5,0,1,36313.0,70178.00000000004,1.0
1226,городской округ Беловский,Кемеровская область,городской округ,5,2,2,39335.0,120093.99999999997,0.9166666666666666
1227,городской округ Березовский,Кемеровская область,городской округ,5,1,2,37540.0,45940.99999999996,0.8333333333333334
1228,городской округ Калтанский,Кемеровская область,городской округ,5,3,2,35485.0,29370.000000000015,0.5833333333333334
1229,городской округ Киселевский,Кемеровская область,городской округ,5,2,2,39261.0,86185.00000000003,0.9583333333333334
1230,городской округ Ленинск-Кузнецкий,Кемеровская область,городской округ,5,4,2,40723.0,91710.99999999993,0.75
1231,городской округ Междуреченский,Кемеровская область,городской округ,4,3,2,42952.0,96558.99999999999,0.5416666666666666
1232,городской округ Мысковский,Кемеровская область,городской округ,5,3,2,37519.0,41743.00000000001,0.5416666666666666
1233,городской округ Новокузнецкий,Кемеровская область,городской округ,3,0,1,43752.0,533565.0000000001,1.0
1234,городской округ Осинниковский,Кемеровская область,городской округ,5,5,2,37823.0,44001.999999999985,0.5833333333333334
1235,городской округ Полысаевский,Кемеровская область,городской округ,4,3,2,37290.0,28061.00000000002,0.5833333333333334
1236,городской округ Прокопьевский,Кемеровская область,городской округ,5,0,1,39853.0,174859.00000000003,1.0
1237,городской округ Тайгинский,Кемеровская область,городской округ,4,2,2,34983.0,23240.0,0.9166666666666666
1238,городской округ Юргинский,Кемеровская область,городской округ,5,0,1,41308.0,78494.0,1.0
1240,Беловский муниципальный округ,Кемеровская область,муниципальный округ,2,2,2,33608.0,25274.00000000001,0.8333333333333334
1241,Гурьевский муниципальный округ,Кемеровская область,муниципальный округ,5,2,2,34685.0,36707.999999999985,0.5416666666666666
1242,Ижморский муниципальный округ,Кемеровская область,муниципальный округ,6,3,2,30146.0,9938.999999999995,0.5416666666666666
1243,Кемеровский муниципальный округ,Кемеровская область,муниципальный округ,5,2,2,40673.0,45808.99999999997,0.9166666666666666
1244,Крапивинский муниципальный округ,Кемеровская область,муниципальный округ,6,4,3,32251.0,21742.99999999999,0.5416666666666666
1245,Ленинск-Кузнецкий муниципальный округ,Кемеровская область,муниципальный округ,6,1,2,31655.0,25052.579374536734,0.875
1246,Мариинский муниципальный округ,Кемеровская область,муниципальный округ,5,4,2,33584.0,50951.99999999999,0.6666666666666666
1247,Новокузнецкий муниципальный округ,Кемеровская область,муниципальный округ,2,2,2,33896.0,51549.999999999985,0.8333333333333334
1249,Промышленновский муниципальный округ,Кемеровская область,муниципальный округ,5,6,3,33851.0,45665.99999999998,0.5
1250,Таштагольский муниципальный район,Кемеровская область,муниципальный район,5,5,2,42755.0,49595.99999999999,0.5833333333333334
1251,Тисульский муниципальный округ,Кемеровская область,муниципальный округ,4,3,2,33242.0,18308.999999999985,0.5
1252,Топкинский муниципальный округ,Кемеровская область,муниципальный округ,5,5,2,35610.0,40737.99999999998,0.75
1253,Тяжинский муниципальный округ,Кемеровская область,муниципальный округ,6,5,3,30911.0,18850.000000000007,0.5833333333333334
1254,Чебулинский муниципальный округ,Кемеровская область,муниципальный округ,6,0,1,33005.0,13269.999999999998,1.0
1256,Яйский муниципальный округ,Кемеровская область,муниципальный округ,4,2,2,32381.0,15661.999999999989,0.8333333333333334
1257,Яшкинский муниципальный округ,Кемеровская область,муниципальный округ,4,2,2,34515.0,26287.000000000004,0.875
1258,городской округ город Киров,Кировская область,городской округ,3,0,1,43969.0,500456.9999999999,1.0
1259,городской округ город Вятские Поляны,Кировская область,городской округ,5,0,1,30143.0,28921.999999999996,1.0
1260,городской округ город Кирово-Чепецк,Кировская область,городской округ,5,0,1,36892.0,64570.99999999997,1.0
1261,городской округ город Котельнич,Кировская область,городской округ,5,3,2,27203.0,19454.000000000007,0.9166666666666666
1262,городской округ город Слободской,Кировская область,городской округ,5,0,1,28961.0,28478.99999999998,1.0
1264,муниципальный округ Арбажский,Кировская область,муниципальный округ,7,0,1,23937.0,4257.000000000001,1.0
1265,муниципальный округ Афанасьевский,Кировская область,муниципальный округ,7,0,1,23023.0,10516.99999999999,1.0
1266,Белохолуницкий муниципальный район,Кировская область,муниципальный район,7,0,1,23145.0,15061.999999999989,1.0
1267,муниципальный округ Богородский,Кировская область,муниципальный округ,7,0,1,20705.0,3150.9999999999977,1.0
1268,муниципальный округ Верхнекамский,Кировская область,муниципальный округ,7,1,2,27701.0,19599.99999999998,0.625
1269,Верхошижемский муниципальный район,Кировская область,муниципальный район,7,0,1,23495.0,6778.000000000005,1.0
1270,Вятскополянский муниципальный район,Кировская область,муниципальный район,7,0,1,24288.0,22503.000000000004,1.0
1271,Даровской муниципальный район,Кировская область,муниципальный район,7,0,1,23058.0,8116.999999999997,1.0
1272,Зуевский муниципальный район,Кировская область,муниципальный район,7,1,2,24430.0,16435.000000000004,0.875
1273,муниципальный округ Кикнурский,Кировская область,муниципальный округ,7,0,1,22083.0,6383.999999999998,1.0
1274,Кильмезский муниципальный район,Кировская область,муниципальный район,7,0,1,22847.0,9573.0,1.0
1275,Кирово-Чепецкий муниципальный район,Кировская область,муниципальный район,5,0,1,30955.0,19898.000000000015,1.0
1276,Котельничский муниципальный район,Кировская область,муниципальный район,7,0,1,22588.0,9945.000000000004,1.0
1277,Куменский муниципальный район,Кировская область,муниципальный район,7,1,2,24687.0,14037.999999999987,0.875
1278,муниципальный округ Лебяжский,Кировская область,муниципальный округ,7,0,1,22783.0,5282.999999999995,1.0
1279,муниципальный округ Лузский,Кировская область,муниципальный округ,7,0,1,25731.0,12426.999999999996,1.0
1280,Малмыжский муниципальный район,Кировская область,муниципальный район,7,0,1,23697.0,19801.00000000001,1.0
1281,муниципальный округ Мурашинский,Кировская область,муниципальный округ,7,1,2,23128.0,8745.999999999995,0.6666666666666666
1282,Нагорский муниципальный район,Кировская область,муниципальный район,7,0,1,21091.0,6225.0,1.0
1284,Нолинский муниципальный район,Кировская область,муниципальный район,7,0,1,23988.0,15213.000000000007,1.0
1285,Омутнинский муниципальный район,Кировская область,муниципальный район,5,0,1,28679.0,33193.00000000001,1.0
1286,муниципальный округ Опаринский,Кировская область,муниципальный округ,7,0,1,25821.0,6570.999999999996,1.0
1287,Оричевский муниципальный район,Кировская область,муниципальный район,7,1,2,24584.0,24539.000000000015,0.7916666666666666
1288,Орловский муниципальный район,Кировская область,муниципальный район,7,0,1,23045.0,9135.999999999998,1.0
1289,муниципальный округ Пижанский,Кировская область,муниципальный округ,7,0,1,24446.0,7903.000000000006,1.0
1290,Подосиновский муниципальный район,Кировская область,муниципальный район,7,0,1,24142.0,11195.00000000001,1.0
1291,муниципальный округ Санчурский,Кировская область,муниципальный округ,7,0,1,20529.0,6899.999999999999,1.0
1292,муниципальный округ Свечинский,Кировская область,муниципальный округ,7,0,1,23754.0,5743.999999999995,1.0
1293,Слободской муниципальный район,Кировская область,муниципальный район,5,3,2,25670.0,32057.00000000002,0.6666666666666666
1294,Советский муниципальный район,Кировская область,муниципальный район,7,1,2,25930.0,21424.0,0.625
1295,Сунский муниципальный район,Кировская область,муниципальный район,7,0,1,21848.0,4825.999999999999,1.0
1296,Тужинский муниципальный район,Кировская область,муниципальный район,7,0,1,22763.0,5474.999999999997,1.0
1297,муниципальный округ Унинский,Кировская область,муниципальный округ,7,0,1,23037.0,5751.000000000003,1.0
1298,Уржумский муниципальный район,Кировская область,муниципальный район,7,0,1,25361.0,19395.999999999985,1.0
1299,муниципальный округ Фаленский,Кировская область,муниципальный округ,7,0,1,22781.0,7167.9999999999945,1.0
1300,Шабалинский муниципальный район,Кировская область,муниципальный район,7,0,1,24695.0,7140.0,1.0
1301,Юрьянский муниципальный район,Кировская область,муниципальный район,7,1,2,25007.0,15836.000000000002,0.75
1302,Яранский муниципальный район,Кировская область,муниципальный район,7,0,1,24852.0,19268.000000000015,1.0
1303,городской округ город Кострома,Костромская область,городской округ,3,0,1,40884.0,265761.0000000001,1.0
1304,городской округ город Буй,Костромская область,городской округ,5,0,1,28682.0,19938.000000000007,1.0
1305,городской округ город Волгореченск,Костромская область,городской округ,5,0,1,30876.0,14030.000000000004,1.0
1306,городской округ город Галич,Костромская область,городской округ,5,0,1,31889.0,12488.000000000005,1.0
1308,городской округ город Шарья,Костромская область,городской округ,5,0,1,31638.0,30007.99999999999,1.0
1309,Антроповский муниципальный район,Костромская область,муниципальный район,7,0,1,27320.0,4987.000000000003,1.0
1310,Буйский муниципальный район,Костромская область,муниципальный район,7,0,1,28580.0,8634.000000000004,1.0
1311,Вохомский муниципальный район,Костромская область,муниципальный район,7,0,1,25001.0,6543.000000000004,1.0
1312,Галичский муниципальный район,Костромская область,муниципальный район,7,0,1,28843.0,6258.000000000004,1.0
1313,Кадыйский муниципальный район,Костромская область,муниципальный район,7,0,1,24654.0,5743.999999999995,1.0
1314,Кологривский муниципальный округ,Костромская область,муниципальный округ,7,0,1,26049.0,3924.9999999999995,1.0
1315,Костромской муниципальный район,Костромская область,муниципальный район,5,0,1,37846.0,40576.99999999997,1.0
1316,Красносельский муниципальный район,Костромская область,муниципальный район,5,0,1,30504.0,16012.000000000004,1.0
1317,Макарьевский муниципальный район,Костромская область,муниципальный район,7,0,1,23683.0,9932.999999999993,1.0
1319,Межевской муниципальный округ,Костромская область,муниципальный округ,7,0,1,25249.0,2703.0000000000005,1.0
1320,Нейский муниципальный округ,Костромская область,муниципальный округ,7,0,1,29020.0,9903.999999999996,1.0
1321,муниципальный район город Нерехта и Нерехтский район,Костромская область,муниципальный район,5,0,1,29783.0,27920.999999999996,1.0
1322,Октябрьский муниципальный район,Костромская область,муниципальный район,7,0,1,25826.0,3257.0000000000005,1.0
1323,Островский муниципальный округ,Костромская область,муниципальный округ,7,0,1,24792.0,8786.999999999995,1.0
1324,Павинский муниципальный округ,Костромская область,муниципальный округ,7,0,1,27164.0,2934.9999999999986,1.0
1325,Парфеньевский муниципальный округ,Костромская область,муниципальный округ,7,0,1,27232.0,4282.999999999997,1.0
1326,Поназыревский муниципальный округ,Костромская область,муниципальный округ,7,0,1,28245.0,4593.000000000003,1.0
1327,Пыщугский муниципальный округ,Костромская область,муниципальный округ,7,0,1,25546.0,3269.000000000001,1.0
1328,Солигаличский муниципальный округ,Костромская область,муниципальный округ,7,0,1,25921.0,7527.999999999999,1.0
1329,Судиславский муниципальный район,Костромская область,муниципальный район,7,0,1,25246.0,10748.000000000005,1.0
1330,Сусанинский муниципальный район,Костромская область,муниципальный район,7,0,1,25279.0,5566.000000000002,1.0
1331,Чухломский муниципальный район,Костромская область,муниципальный район,7,0,1,28688.0,7652.999999999999,1.0
1332,Шарьинский муниципальный район,Костромская область,муниципальный район,7,0,1,29032.0,7133.999999999995,1.0
1333,городской округ город Курган,Курганская область,городской округ,3,0,1,40907.0,302354.0000000001,1.0
1334,городской округ город Шадринск,Курганская область,городской округ,5,0,1,33428.0,67884.0,1.0
1335,Альменевский муниципальный округ,Курганская область,муниципальный округ,7,0,1,23619.0,7379.9999999999945,1.0
1336,Белозерский муниципальный округ,Курганская область,муниципальный округ,7,0,1,21682.0,12695.999999999996,1.0
1337,Варгашинский муниципальный округ,Курганская область,муниципальный округ,7,0,1,23132.0,15484.999999999998,1.0
1338,Далматовский муниципальный округ,Курганская область,муниципальный округ,7,1,2,27338.0,22136.0,0.625
1339,Звериноголовский муниципальный округ,Курганская область,муниципальный округ,7,0,1,22909.0,6573.000000000001,1.0
1340,Каргапольский муниципальный округ,Курганская область,муниципальный округ,7,0,1,25270.0,25282.999999999993,1.0
1341,Катайский муниципальный округ,Курганская область,муниципальный округ,7,1,2,27113.0,18565.000000000015,0.7083333333333334
1342,Кетовский муниципальный округ,Курганская область,муниципальный округ,5,0,1,32024.0,55101.99999999999,1.0
1343,Куртамышский муниципальный округ,Курганская область,муниципальный округ,7,0,1,24817.0,24230.99999999999,1.0
1344,Лебяжьевский муниципальный округ,Курганская область,муниципальный округ,7,0,1,24066.0,10941.000000000005,1.0
1345,муниципальный округ Макушинский,Курганская область,муниципальный округ,7,0,1,25439.0,11993.000000000005,1.0
1346,Мишкинский муниципальный округ,Курганская область,муниципальный округ,7,0,1,25938.0,12440.999999999996,1.0
1347,Мокроусовский муниципальный округ,Курганская область,муниципальный округ,7,0,1,23836.0,8982.999999999998,1.0
1348,Петуховский муниципальный округ,Курганская область,муниципальный округ,7,0,1,25013.0,13666.0,1.0
1349,Половинский муниципальный округ,Курганская область,муниципальный округ,7,0,1,21184.0,7739.999999999996,1.0
1350,Притобольный муниципальный округ,Курганская область,муниципальный округ,7,0,1,21658.0,9618.999999999993,1.0
1351,Сафакулевский муниципальный округ,Курганская область,муниципальный округ,7,0,1,24412.0,10385.000000000007,1.0
1352,Целинный муниципальный округ,Курганская область,муниципальный округ,7,0,1,21622.0,11754.000000000007,1.0
1353,Частоозерский муниципальный округ,Курганская область,муниципальный округ,7,0,1,24142.0,4540.000000000003,1.0
1355,Шатровский муниципальный округ,Курганская область,муниципальный округ,7,0,1,24256.0,13663.000000000011,1.0
1356,муниципальный округ Шумихинский,Курганская область,муниципальный округ,7,0,1,28686.0,23519.00000000002,1.0
1357,Щучанский муниципальный округ,Курганская область,муниципальный округ,7,0,1,30264.0,15866.0,1.0
1358,Юргамышский муниципальный округ,Курганская область,муниципальный округ,7,0,1,27224.0,15693.99999999999,1.0
1392,Бокситогорский муниципальный район,Ленинградская область,муниципальный район,5,0,1,39993.0,50854.99999999999,1.0
1393,Волосовский муниципальный район,Ленинградская область,муниципальный район,5,0,1,41425.0,50257.000000000015,1.0
1394,Волховский муниципальный район,Ленинградская область,муниципальный район,5,0,1,44793.0,78679.00000000001,1.0
1395,Всеволожский муниципальный район,Ленинградская область,муниципальный район,0,0,1,56677.0,571142.0000000003,1.0
1396,Выборгский муниципальный район,Ленинградская область,муниципальный район,3,0,1,50052.0,194689.00000000012,1.0
1397,Гатчинский муниципальный район,Ленинградская область,муниципальный район,0,0,1,50502.0,261522.00000000003,1.0
1398,Кингисеппский муниципальный район,Ленинградская область,муниципальный район,2,2,2,49412.0,83360.99999999996,0.875
1399,Киришский муниципальный район,Ленинградская область,муниципальный район,5,2,2,43824.0,58941.99999999998,0.875
1400,Кировский муниципальный район,Ленинградская область,муниципальный район,0,0,1,49689.0,108186.00000000006,1.0
1401,Лодейнопольский муниципальный район,Ленинградская область,муниципальный район,5,0,1,44440.0,27168.0,1.0
1402,Ломоносовский муниципальный район,Ленинградская область,муниципальный район,0,0,1,53107.0,90575.99999999997,1.0
1403,Лужский муниципальный район,Ленинградская область,муниципальный район,5,0,1,48216.0,74392.00000000001,1.0
1404,Подпорожский муниципальный район,Ленинградская область,муниципальный район,5,0,1,39213.0,25067.00000000001,1.0
1405,Приозерский муниципальный район,Ленинградская область,муниципальный район,5,0,1,46594.0,56730.00000000004,1.0
1406,Сланцевский муниципальный район,Ленинградская область,муниципальный район,5,0,1,43888.0,44406.00000000003,1.0
1407,Тихвинский муниципальный район,Ленинградская область,муниципальный район,5,0,1,44284.0,65782.00000000004,1.0
1408,Тосненский муниципальный район,Ленинградская область,муниципальный район,0,0,1,49900.0,130546.0000000001,1.0
1409,городской округ Сосновоборский,Ленинградская область,городской округ,0,2,2,53678.0,63462.00000000005,0.9166666666666666
1410,городской округ город Липецк,Липецкая область,городской округ,3,0,1,46358.0,485260.0000000001,1.0
1411,городской округ город Елец,Липецкая область,городской округ,5,0,1,41625.0,94901.99999999999,1.0
1412,Воловский муниципальный район,Липецкая область,муниципальный район,7,0,1,27983.0,12286.000000000005,1.0
1413,Грязинский муниципальный район,Липецкая область,муниципальный район,5,0,1,33208.0,77383.00000000003,1.0
1414,Данковский муниципальный район,Липецкая область,муниципальный район,5,0,1,33299.0,31513.999999999985,1.0
1415,Добринский муниципальный район,Липецкая область,муниципальный район,7,0,1,29373.0,32283.00000000003,1.0
1416,Добровский муниципальный район,Липецкая область,муниципальный район,7,0,1,26444.0,26993.000000000022,1.0
1417,Долгоруковский муниципальный район,Липецкая область,муниципальный район,7,0,1,27229.0,15712.999999999995,1.0
1419,Задонский муниципальный район,Липецкая область,муниципальный район,7,1,2,29636.0,33204.99999999997,0.5833333333333334
1420,Измалковский муниципальный район,Липецкая область,муниципальный район,7,0,1,26595.0,14799.000000000002,1.0
1421,Краснинский муниципальный район,Липецкая область,муниципальный район,7,0,1,29385.0,13180.99999999999,1.0
1422,Лебедянский муниципальный район,Липецкая область,муниципальный район,5,0,1,31763.0,38865.000000000015,1.0
1423,Лев-Толстовский муниципальный район,Липецкая область,муниципальный район,7,0,1,32876.0,16181.00000000001,1.0
1425,Становлянский муниципальный район,Липецкая область,муниципальный район,7,0,1,25371.0,16521.00000000001,1.0
1426,Тербунский муниципальный район,Липецкая область,муниципальный район,5,2,2,30444.0,20465.999999999985,0.5833333333333334
1427,Усманский муниципальный район,Липецкая область,муниципальный район,5,0,1,29999.0,49178.00000000001,1.0
1428,Хлевенский муниципальный район,Липецкая область,муниципальный район,7,0,1,27993.0,18262.000000000007,1.0
1429,Чаплыгинский муниципальный район,Липецкая область,муниципальный район,5,3,2,31597.0,29849.99999999999,0.6666666666666666
1430,городской округ город Магадан,Магаданская область,городской округ,2,1,2,74293.0,74317.46490519552,0.5833333333333334
1431,муниципальный округ Ольский,Магаданская область,муниципальный округ,1,3,2,54083.0,19817.25327836139,0.5
1434,муниципальный округ Среднеканский,Магаданская область,муниципальный округ,2,4,3,55003.0,15940.093797009984,0.7916666666666666
1435,муниципальный округ Сусуманский,Магаданская область,муниципальный округ,2,4,2,67683.0,24861.73828164867,0.625
1436,муниципальный округ Тенькинский,Магаданская область,муниципальный округ,2,0,1,59714.0,30454.827424107494,1.0
1437,муниципальный округ Хасынский,Магаданская область,муниципальный округ,1,0,1,44305.0,14132.932611278236,1.0
1438,муниципальный округ Ягоднинский,Магаданская область,муниципальный округ,1,2,2,70825.0,18860.920173974107,0.875
1439,городской округ Балашиха,Московская область,городской округ,0,0,1,58085.0,554247.9999999997,1.0
1440,городской округ Бронницы,Московская область,городской округ,0,0,1,50318.0,20981.00000000001,1.0
1443,городской округ Дзержинский,Московская область,городской округ,0,0,1,57248.0,57433.99999999996,1.0
1444,городской округ Долгопрудный,Московская область,городской округ,0,0,1,63670.0,119089.00000000003,1.0
1445,городской округ Домодедово,Московская область,городской округ,0,0,1,56381.0,226573.00000000006,1.0
1446,городской округ Дубна,Московская область,городской округ,0,0,1,58943.0,74031.99999999994,1.0
1447,городской округ Егорьевск,Московская область,городской округ,0,0,1,46205.0,111759.00000000001,1.0
1448,городской округ Жуковский,Московская область,городской округ,0,0,1,57924.0,110083.00000000003,1.0
1449,городской округ Зарайск,Московская область,городской округ,5,0,1,40505.0,36617.99999999998,1.0
1453,городской округ Истра,Московская область,городской округ,0,0,1,59563.0,171212.99999999997,1.0
1454,городской округ Кашира,Московская область,городской округ,5,4,2,48247.0,65746.99999999996,0.5833333333333334
1456,городской округ Королёв,Московская область,городской округ,0,0,1,62054.0,226006.99999999988,1.0
1457,городской округ Котельники,Московская область,городской округ,0,0,1,61194.0,72310.99999999994,1.0
1459,городской округ Красногорск,Московская область,городской округ,0,0,1,67719.0,335991.0,1.0
1461,городской округ Лобня,Московская область,городской округ,0,0,1,57342.0,81143.0,1.0
1463,городской округ Луховицы,Московская область,городской округ,5,0,1,48454.0,61079.00000000003,1.0
1464,городской округ Лыткарино,Московская область,городской округ,0,0,1,57284.0,66525.99999999996,1.0
1465,городской округ Люберцы,Московская область,городской округ,0,0,1,57432.0,364887.9999999997,1.0
1467,городской округ Мытищи,Московская область,городской округ,0,0,1,62502.0,309564.0,1.0
1468,городской округ Наро-Фоминский,Московская область,городской округ,0,0,1,58259.0,198501.00000000006,1.0
1472,городской округ Подольск,Московская область,городской округ,0,0,1,56406.0,350634.0000000002,1.0
1473,городской округ Протвино,Московская область,городской округ,5,0,1,41785.0,37220.99999999997,1.0
1474,городской округ Пущино,Московская область,городской округ,5,2,2,37515.0,19341.999999999993,0.9583333333333334
1475,городской округ Реутов,Московская область,городской округ,0,0,1,62568.0,112070.00000000001,1.0
1477,городской округ Рузский,Московская область,городской округ,5,5,2,49666.0,79874.0,0.5833333333333334
1478,городской округ Серебряные Пруды,Московская область,городской округ,5,0,1,42423.0,23278.00000000001,1.0
1480,городской округ Ступино,Московская область,городской округ,0,0,1,51486.0,118128.99999999997,1.0
1481,городской округ Фрязино,Московская область,городской округ,0,0,1,56188.0,58677.00000000002,1.0
1483,городской округ Черноголовка,Московская область,городской округ,0,2,2,52050.0,21254.000000000007,0.875
1484,городской округ Чехов,Московская область,городской округ,0,0,1,55609.0,146642.99999999988,1.0
1486,городской округ Шаховская,Московская область,городской округ,5,0,1,45617.0,29742.999999999985,1.0
1488,городской округ Электросталь,Московская область,городской округ,0,0,1,53423.0,150729.0,1.0
1489,городской округ Волоколамский,Московская область,городской округ,5,0,1,47021.0,64721.000000000044,1.0
1490,городской округ Воскресенск,Московская область,городской округ,0,0,1,50128.0,160755.0,1.0
1491,городской округ Дмитровский,Московская область,городской округ,0,0,1,53379.0,163080.99999999988,1.0
1492,городской округ Клин,Московская область,городской округ,0,0,1,52005.0,148544.99999999988,1.0
1493,городской округ Ленинский,Московская область,городской округ,0,0,1,63046.0,327210.99999999994,1.0
1494,городской округ Лотошино,Московская область,городской округ,5,2,2,34823.0,21886.00000000002,0.875
1495,городской округ Можайский,Московская область,городской округ,0,0,1,51165.0,92528.99999999993,1.0
1496,городской округ Богородский,Московская область,городской округ,0,0,1,52622.0,220062.0,1.0
1500,городской округ Раменский,Московская область,городской округ,0,0,1,55374.0,338109.0000000003,1.0
1501,городской округ Сергиево-Посадский,Московская область,городской округ,0,0,1,52569.0,207827.00000000003,1.0
1504,городской округ Талдомский,Московская область,городской округ,5,0,1,42656.0,64165.00000000006,1.0
1506,городской округ город Мурманск,Мурманская область,городской округ,3,2,2,58237.0,266680.99999999994,0.9166666666666666
1507,муниципальный округ город Апатиты,Мурманская область,муниципальный округ,2,1,2,58414.0,48277.00000000001,0.6666666666666666
1508,муниципальный округ город Кировск,Мурманская область,муниципальный округ,2,2,2,60782.0,25983.99999999999,0.9583333333333334
1509,муниципальный округ город Мончегорск,Мурманская область,муниципальный округ,2,1,2,49197.0,41427.00000000001,0.6666666666666666
1510,муниципальный округ город Оленегорск,Мурманская область,муниципальный округ,2,1,2,48229.0,27867.000000000004,0.6666666666666666
1511,муниципальный округ город Полярные Зори,Мурманская область,муниципальный округ,2,1,2,56063.0,15633.99999999999,0.7083333333333334
1512,Ковдорский муниципальный округ,Мурманская область,муниципальный округ,2,1,2,58269.0,16803.000000000007,0.75
1518,Кандалакшский муниципальный район,Мурманская область,муниципальный район,4,3,2,52520.0,39329.99999999999,0.7083333333333334
1519,Кольский муниципальный район,Мурманская область,муниципальный район,2,2,2,41060.0,33201.00000000003,0.875
1520,Ловозерский муниципальный район,Мурманская область,муниципальный район,4,3,2,47065.0,8770.000000000002,0.7916666666666666
1521,Печенгский муниципальный округ,Мурманская область,муниципальный округ,2,1,2,59790.0,29632.000000000015,0.6666666666666666
1522,Терский муниципальный район,Мурманская область,муниципальный район,4,4,2,43231.0,4698.000000000001,0.875
1523,городской округ город Нижний Новгород,Нижегородская область,городской округ,3,0,1,47006.0,1228701.9999999998,1.0
1525,городской округ город Бор,Нижегородская область,городской округ,5,0,1,44013.0,117551.99999999997,1.0
1526,городской округ город Выкса,Нижегородская область,городской округ,5,0,1,42711.0,72393.0,1.0
1527,городской округ город Дзержинск,Нижегородская область,городской округ,3,0,1,47204.0,225250.99999999985,1.0
1528,городской округ город Кулебаки,Нижегородская область,городской округ,5,0,1,34815.0,45055.99999999997,1.0
1529,городской округ Навашинский,Нижегородская область,городской округ,5,0,1,28439.0,20671.00000000001,1.0
1530,городской округ Перевозский,Нижегородская область,городской округ,7,0,1,27898.0,16025.999999999996,1.0
1532,городской округ Семеновский,Нижегородская область,городской округ,5,0,1,33819.0,45404.99999999997,1.0
1533,городской округ город Шахунья,Нижегородская область,городской округ,5,0,1,30322.0,28511.0,1.0
1534,городской округ город Первомайск,Нижегородская область,городской округ,7,0,1,28335.0,17117.0,1.0
1535,городской округ Сокольский,Нижегородская область,городской округ,7,0,1,29218.0,10806.999999999998,1.0
1536,городской округ город Чкаловск,Нижегородская область,городской округ,5,2,2,31205.0,19063.0,0.75
1537,Ардатовский муниципальный округ,Нижегородская область,муниципальный округ,7,1,2,26513.0,22160.99999999999,0.7083333333333334
1539,Балахнинский муниципальный округ,Нижегородская область,муниципальный округ,5,0,1,40428.0,72219.00000000004,1.0
1540,Богородский муниципальный округ,Нижегородская область,муниципальный округ,5,0,1,39796.0,57639.00000000002,1.0
1541,Большеболдинский муниципальный округ,Нижегородская область,муниципальный округ,7,0,1,30772.0,10172.000000000007,1.0
1542,Большемурашкинский муниципальный округ,Нижегородская область,муниципальный округ,7,0,1,27750.0,10258.000000000002,1.0
1543,Бутурлинский муниципальный округ,Нижегородская область,муниципальный округ,7,0,1,29487.0,12910.000000000002,1.0
1544,Вадский муниципальный округ,Нижегородская область,муниципальный округ,7,0,1,28025.0,13290.000000000007,1.0
1545,Варнавинский муниципальный округ,Нижегородская область,муниципальный округ,7,0,1,31598.0,9652.999999999995,1.0
1546,Вачский муниципальный округ,Нижегородская область,муниципальный округ,7,0,1,29065.0,16729.999999999996,1.0
1547,Ветлужский муниципальный округ,Нижегородская область,муниципальный округ,7,0,1,29894.0,12520.999999999996,1.0
1548,Вознесенский муниципальный округ,Нижегородская область,муниципальный округ,7,0,1,27510.0,14309.000000000013,1.0
1549,Володарский муниципальный округ,Нижегородская область,муниципальный округ,5,0,1,31413.0,47924.99999999997,1.0
1550,городской округ Воротынский,Нижегородская область,городской округ,7,0,1,24976.0,13399.000000000004,1.0
1551,Воскресенский муниципальный округ,Нижегородская область,муниципальный округ,7,0,1,28228.0,16071.999999999996,1.0
1552,Гагинский муниципальный округ,Нижегородская область,муниципальный округ,7,0,1,26872.0,9681.000000000005,1.0
1553,Городецкий муниципальный округ,Нижегородская область,муниципальный округ,5,0,1,38967.0,80149.00000000004,1.0
1554,Дальнеконстантиновский муниципальный округ,Нижегородская область,муниципальный округ,5,2,2,32780.0,20223.999999999996,0.5416666666666666
1555,Дивеевский муниципальный округ,Нижегородская область,муниципальный округ,7,0,1,33875.0,14998.000000000002,1.0
1556,Княгининский муниципальный округ,Нижегородская область,муниципальный округ,5,2,2,30544.0,10775.00000000001,0.9166666666666666
1557,Ковернинский муниципальный округ,Нижегородская область,муниципальный округ,5,3,2,29058.0,17091.000000000007,0.5833333333333334
1558,Краснобаковский муниципальный округ,Нижегородская область,муниципальный округ,7,0,1,30045.0,18534.999999999985,1.0
1559,Краснооктябрьский муниципальный округ,Нижегородская область,муниципальный округ,7,0,1,27841.0,8616.999999999996,1.0
1560,Кстовский муниципальный округ,Нижегородская область,муниципальный округ,0,2,2,45553.0,121424.0000000001,0.9583333333333334
1561,Лукояновский муниципальный округ,Нижегородская область,муниципальный округ,7,0,1,29462.0,25750.999999999993,1.0
1562,Лысковский муниципальный округ,Нижегородская область,муниципальный округ,5,0,1,35395.0,34099.0,1.0
1563,Павловский муниципальный округ,Нижегородская область,муниципальный округ,5,0,1,40326.0,91821.99999999996,1.0
1564,Пильнинский муниципальный округ,Нижегородская область,муниципальный округ,7,0,1,28522.0,18103.999999999985,1.0
1565,Починковский муниципальный округ,Нижегородская область,муниципальный округ,5,2,2,31815.0,25419.99999999999,0.9583333333333334
1566,Сергачский муниципальный округ,Нижегородская область,муниципальный округ,5,0,1,31839.0,26796.999999999978,1.0
1567,Сеченовский муниципальный округ,Нижегородская область,муниципальный округ,7,0,1,28559.0,13501.000000000004,1.0
1568,Сосновский муниципальный округ,Нижегородская область,муниципальный округ,7,1,2,28114.0,16174.999999999996,0.5833333333333334
1569,Спасский муниципальный округ,Нижегородская область,муниципальный округ,7,0,1,26019.0,9399.999999999995,1.0
1570,Тонкинский муниципальный округ,Нижегородская область,муниципальный округ,7,0,1,27313.0,7028.999999999999,1.0
1571,Тоншаевский муниципальный округ,Нижегородская область,муниципальный округ,7,0,1,30890.0,14347.0,1.0
1572,Уренский муниципальный округ,Нижегородская область,муниципальный округ,5,0,1,32342.0,27896.999999999985,1.0
1573,Шарангский муниципальный округ,Нижегородская область,муниципальный округ,7,0,1,30528.0,11304.000000000005,1.0
1574,Шатковский муниципальный округ,Нижегородская область,муниципальный округ,7,0,1,27710.0,22628.99999999999,1.0
1575,городской округ Великий Новгород,Новгородская область,городской округ,3,0,1,46628.0,222340.00000000017,1.0
1577,Боровичский муниципальный район,Новгородская область,муниципальный район,5,0,1,38335.0,60283.00000000001,1.0
1578,Валдайский муниципальный район,Новгородская область,муниципальный район,5,0,1,37930.0,21711.999999999993,1.0
1579,муниципальный округ Волотовский,Новгородская область,муниципальный округ,7,0,1,26532.0,4071.0000000000023,1.0
1580,муниципальный округ Демянский,Новгородская область,муниципальный округ,7,0,1,29297.0,9515.000000000005,1.0
1581,муниципальный округ Крестецкий,Новгородская область,муниципальный округ,7,0,1,31440.0,11189.0,1.0
1582,Любытинский муниципальный район,Новгородская область,муниципальный район,7,0,1,31956.0,7088.000000000003,1.0
1583,Маловишерский муниципальный район,Новгородская область,муниципальный район,7,4,2,33095.0,13110.999999999989,0.8333333333333334
1584,муниципальный округ Марёвский,Новгородская область,муниципальный округ,7,0,1,28657.0,3202.0000000000023,1.0
1585,муниципальный округ Мошенской,Новгородская область,муниципальный округ,7,0,1,30386.0,5579.999999999995,1.0
1586,Новгородский муниципальный район,Новгородская область,муниципальный район,5,0,1,44779.0,64120.00000000005,1.0
1587,Окуловский муниципальный район,Новгородская область,муниципальный район,5,0,1,33803.0,18071.000000000015,1.0
1588,Парфинский муниципальный район,Новгородская область,муниципальный район,7,1,2,29083.0,11515.999999999995,0.7916666666666666
1589,муниципальный округ Пестовский,Новгородская область,муниципальный округ,5,3,2,34855.0,18157.99999999999,0.8333333333333334
1590,Поддорский муниципальный район,Новгородская область,муниципальный район,7,0,1,28966.0,3219.9999999999986,1.0
1591,муниципальный округ Солецкий,Новгородская область,муниципальный округ,7,0,1,30303.0,10758.000000000005,1.0
1592,Старорусский муниципальный район,Новгородская область,муниципальный район,5,0,1,33610.0,37507.999999999985,1.0
1593,муниципальный округ Хвойнинский,Новгородская область,муниципальный округ,5,3,2,34120.0,13129.000000000002,0.5
1594,Холмский муниципальный район,Новгородская область,муниципальный район,7,0,1,29317.0,4643.000000000004,1.0
1595,Чудовский муниципальный район,Новгородская область,муниципальный район,5,0,1,36059.0,18344.999999999993,1.0
1596,Шимский муниципальный район,Новгородская область,муниципальный район,7,0,1,29467.0,9112.999999999996,1.0
1597,городской округ город Новосибирск,Новосибирская область,городской округ,3,0,1,47022.0,1633851.0000000005,1.0
1598,городской округ город Бердск,Новосибирская область,городской округ,3,2,2,43620.0,102759.99999999991,0.9583333333333334
1599,городской округ город Искитим,Новосибирская область,городской округ,5,0,1,40039.0,56654.0,1.0
1600,городской округ город Обь,Новосибирская область,городской округ,5,2,2,45311.0,31050.00000000001,0.875
1601,городской округ рабочий поселок Кольцово,Новосибирская область,городской округ,2,3,3,51913.0,20883.000000000004,0.4583333333333333
1602,Баганский муниципальный район,Новосибирская область,муниципальный район,6,3,2,31074.0,13948.0,0.6666666666666666
1603,Барабинский муниципальный район,Новосибирская область,муниципальный район,4,4,3,32589.0,38628.00000000003,0.875
1604,Болотнинский муниципальный район,Новосибирская область,муниципальный район,4,4,2,33426.0,25204.99999999998,0.7916666666666666
1605,Венгеровский муниципальный район,Новосибирская область,муниципальный район,7,3,2,26504.0,14720.999999999993,0.7916666666666666
1606,Доволенский муниципальный район,Новосибирская область,муниципальный район,7,0,1,25586.0,12663.00000000001,1.0
1607,Здвинский муниципальный район,Новосибирская область,муниципальный район,7,2,2,25484.0,11724.99999999999,0.9166666666666666
1608,Искитимский муниципальный район,Новосибирская область,муниципальный район,5,0,1,30977.0,58381.99999999996,1.0
1609,Карасукский муниципальный район,Новосибирская область,муниципальный район,4,4,3,30924.0,38279.00000000001,0.625
1610,Каргатский муниципальный район,Новосибирская область,муниципальный район,7,0,1,26804.0,14000.999999999995,1.0
1611,Колыванский муниципальный район,Новосибирская область,муниципальный район,6,9,3,31974.0,24293.000000000004,0.4583333333333333
1612,Коченевский муниципальный район,Новосибирская область,муниципальный район,5,0,1,31665.0,45218.99999999998,1.0
1613,Кочковский муниципальный район,Новосибирская область,муниципальный район,7,1,2,25746.0,11492.999999999998,0.9583333333333334
1614,Краснозерский муниципальный район,Новосибирская область,муниципальный район,7,1,2,28032.0,27453.0,0.7916666666666666
1615,Куйбышевский муниципальный район,Новосибирская область,муниципальный район,5,0,1,34724.0,53653.99999999999,1.0
1616,Купинский муниципальный район,Новосибирская область,муниципальный район,6,5,4,29613.0,25382.0,0.4583333333333333
1617,Кыштовский муниципальный район,Новосибирская область,муниципальный район,6,3,2,29193.0,8984.000000000007,0.5
1618,Маслянинский муниципальный район,Новосибирская область,муниципальный район,6,4,3,29526.0,23528.000000000015,0.625
1619,Мошковский муниципальный район,Новосибирская область,муниципальный район,4,8,3,30915.0,40478.99999999996,0.625
1620,Новосибирский муниципальный район,Новосибирская область,муниципальный район,0,1,2,47480.0,170131.00000000006,0.9583333333333334
1621,Ордынский муниципальный район,Новосибирская область,муниципальный район,4,7,3,32910.0,33623.00000000001,0.4583333333333333
1622,Северный муниципальный район,Новосибирская область,муниципальный район,7,0,1,27105.0,7318.999999999998,1.0
1623,Сузунский муниципальный район,Новосибирская область,муниципальный район,6,5,3,31263.0,31041.999999999993,0.5416666666666666
1624,Татарский муниципальный район,Новосибирская область,муниципальный район,5,4,3,30585.0,36645.000000000015,0.4583333333333333
1625,Тогучинский муниципальный район,Новосибирская область,муниципальный район,5,5,3,29609.0,53463.0,0.7083333333333334
1626,Убинский муниципальный район,Новосибирская область,муниципальный район,7,0,1,26019.0,11277.000000000007,1.0
1627,Усть-Таркский муниципальный район,Новосибирская область,муниципальный район,6,4,2,28766.0,10681.000000000004,0.7083333333333334
1628,Чановский муниципальный район,Новосибирская область,муниципальный район,6,1,2,31020.0,20322.99999999998,0.8333333333333334
1629,Черепановский муниципальный район,Новосибирская область,муниципальный район,5,3,2,29932.0,49025.000000000015,0.875
1630,Чистоозерный муниципальный район,Новосибирская область,муниципальный район,6,3,2,27584.0,13809.000000000011,0.5416666666666666
1631,Чулымский муниципальный район,Новосибирская область,муниципальный район,4,5,3,27735.0,18959.000000000015,0.5
1632,городской округ город Омск,Омская область,городской округ,3,0,1,41898.0,1104485.0000000007,1.0
1633,Азовский немецкий национальный муниципальный район,Омская область,муниципальный район,7,0,1,25490.0,25338.999999999985,1.0
1634,Большереченский муниципальный район,Омская область,муниципальный район,7,0,1,25218.0,21498.999999999996,1.0
1635,Большеуковский муниципальный район,Омская область,муниципальный район,7,0,1,23472.0,5837.999999999996,1.0
1636,Горьковский муниципальный район,Омская область,муниципальный район,7,0,1,23601.0,18069.00000000001,1.0
1637,Знаменский муниципальный район,Омская область,муниципальный район,7,0,1,27243.0,9776.99999999999,1.0
1638,Исилькульский муниципальный район,Омская область,муниципальный район,7,1,2,27276.0,35262.00000000001,0.875
1639,Калачинский муниципальный район,Омская область,муниципальный район,5,1,2,27377.0,35485.999999999985,0.5
1640,Колосовский муниципальный район,Омская область,муниципальный район,7,0,1,25217.0,8762.999999999995,1.0
1641,Кормиловский муниципальный район,Омская область,муниципальный район,7,1,2,25756.0,23179.000000000004,0.875
1642,Крутинский муниципальный район,Омская область,муниципальный район,7,0,1,24314.0,12735.0,1.0
1643,Любинский муниципальный район,Омская область,муниципальный район,7,1,2,27786.0,38167.99999999997,0.625
1644,Марьяновский муниципальный район,Омская область,муниципальный район,7,1,2,26809.0,25312.99999999999,0.9166666666666666
1645,Москаленский муниципальный район,Омская область,муниципальный район,7,0,1,27878.0,26392.00000000002,1.0
1646,Муромцевский муниципальный район,Омская область,муниципальный район,7,0,1,23831.0,16992.000000000007,1.0
1647,Называевский муниципальный район,Омская область,муниципальный район,7,0,1,24393.0,17785.99999999999,1.0
1648,Нижнеомский муниципальный район,Омская область,муниципальный район,7,0,1,22199.0,12230.000000000004,1.0
1649,Нововаршавский муниципальный район,Омская область,муниципальный район,7,0,1,24924.0,20368.99999999999,1.0
1650,Одесский муниципальный район,Омская область,муниципальный район,7,0,1,23255.0,15856.00000000001,1.0
1651,Оконешниковский муниципальный район,Омская область,муниципальный район,7,0,1,26487.0,11776.00000000001,1.0
1652,Омский муниципальный район,Омская область,муниципальный район,5,0,1,30163.0,100576.0,1.0
1653,Павлоградский муниципальный район,Омская область,муниципальный район,7,0,1,25659.0,17473.00000000001,1.0
1654,Полтавский муниципальный район,Омская область,муниципальный район,7,0,1,27339.0,18147.000000000007,1.0
1655,Русско-Полянский муниципальный район,Омская область,муниципальный район,7,0,1,26559.0,15618.999999999995,1.0
1656,Саргатский муниципальный район,Омская область,муниципальный район,7,0,1,26007.0,15815.000000000007,1.0
1657,Седельниковский муниципальный район,Омская область,муниципальный район,7,0,1,25122.0,8136.999999999994,1.0
1658,Таврический муниципальный район,Омская область,муниципальный район,7,0,1,26166.0,33312.00000000003,1.0
1659,Тарский муниципальный район,Омская область,муниципальный район,5,6,3,30548.0,39837.99999999998,0.5
1660,Тевризский муниципальный район,Омская область,муниципальный район,7,1,2,27722.0,11957.999999999995,0.9166666666666666
1661,Тюкалинский муниципальный район,Омская область,муниципальный район,7,0,1,23698.0,19114.000000000015,1.0
1662,Усть-Ишимский муниципальный район,Омская область,муниципальный район,7,1,2,27982.0,9156.999999999995,0.875
1663,Черлакский муниципальный район,Омская область,муниципальный район,7,0,1,25562.0,24866.0,1.0
1664,Шербакульский муниципальный район,Омская область,муниципальный район,7,0,1,27322.0,18767.000000000015,1.0
1665,городской округ город Оренбург,Оренбургская область,городской округ,3,0,1,40300.0,550343.9999999998,1.0
1666,городской округ Абдулинский,Оренбургская область,городской округ,7,3,2,25405.0,23380.99999999999,0.5416666666666666
1667,городской округ город Бугуруслан,Оренбургская область,городской округ,5,0,1,36277.0,42519.00000000004,1.0
1668,городской округ город Бузулук,Оренбургская область,городской округ,5,2,2,38860.0,88338.99999999999,0.9583333333333334
1669,городской округ Гайский,Оренбургская область,городской округ,5,0,1,27216.0,39040.00000000004,1.0
1670,городской округ Кувандыкский,Оренбургская область,городской округ,5,1,2,27285.0,40357.00000000003,0.5
1671,городской округ город Медногорск,Оренбургская область,городской округ,5,0,1,27452.0,24149.0,1.0
1672,городской округ город Новотроицк,Оренбургская область,городской округ,5,0,1,35245.0,79409.99999999993,1.0
1673,городской округ город Орск,Оренбургская область,городской округ,5,0,1,37851.0,190318.00000000012,1.0
1674,городской округ Соль-Илецкий,Оренбургская область,городской округ,7,4,2,28881.0,45180.999999999985,0.625
1675,городской округ Сорочинский,Оренбургская область,городской округ,5,0,1,30510.0,39844.99999999999,1.0
1676,городской округ Ясненский,Оренбургская область,городской округ,5,0,1,27452.0,17793.0,1.0
1678,Адамовский муниципальный район,Оренбургская область,муниципальный район,7,0,1,24671.0,18976.000000000015,1.0
1679,Акбулакский муниципальный район,Оренбургская область,муниципальный район,7,0,1,22612.0,19016.00000000001,1.0
1680,Александровский муниципальный район,Оренбургская область,муниципальный район,7,0,1,23443.0,12753.0,1.0
1681,Асекеевский муниципальный район,Оренбургская область,муниципальный район,7,0,1,25102.0,15753.000000000005,1.0
1682,Беляевский муниципальный район,Оренбургская область,муниципальный район,7,0,1,21544.0,13155.999999999998,1.0
1683,Бугурусланский муниципальный район,Оренбургская область,муниципальный район,7,0,1,30358.0,16251.999999999996,1.0
1685,Грачёвский муниципальный район,Оренбургская область,муниципальный район,7,0,1,26310.0,10558.000000000004,1.0
1686,Домбаровский муниципальный район,Оренбургская область,муниципальный район,7,0,1,22352.0,11105.000000000002,1.0
1687,Илекский муниципальный район,Оренбургская область,муниципальный район,7,0,1,23229.0,25228.99999999998,1.0
1688,Кваркенский муниципальный район,Оренбургская область,муниципальный район,7,0,1,25426.0,14437.999999999989,1.0
1689,Красногвардейский муниципальный район,Оренбургская область,муниципальный район,7,0,1,26047.0,16960.000000000007,1.0
1690,Курманаевский муниципальный район,Оренбургская область,муниципальный район,7,0,1,22741.0,14152.0,1.0
1691,Матвеевский муниципальный район,Оренбургская область,муниципальный район,7,0,1,23526.0,8826.0,1.0
1692,Новоорский муниципальный район,Оренбургская область,муниципальный район,7,0,1,23299.0,23446.999999999996,1.0
1693,Новосергиевский муниципальный район,Оренбургская область,муниципальный район,7,0,1,25598.0,28827.000000000022,1.0
1694,Октябрьский муниципальный район,Оренбургская область,муниципальный район,7,0,1,24053.0,17078.999999999996,1.0
1696,Первомайский муниципальный район,Оренбургская область,муниципальный район,7,0,1,24561.0,20575.000000000004,1.0
1697,Переволоцкий муниципальный район,Оренбургская область,муниципальный район,7,0,1,23995.0,20288.000000000004,1.0
1698,Пономарёвский муниципальный район,Оренбургская область,муниципальный район,7,0,1,24161.0,12884.999999999989,1.0
1699,Сакмарский муниципальный район,Оренбургская область,муниципальный район,7,0,1,21666.0,29251.99999999998,1.0
1700,Саракташский муниципальный район,Оренбургская область,муниципальный район,7,0,1,24165.0,39785.99999999996,1.0
1701,Светлинский муниципальный район,Оренбургская область,муниципальный район,7,0,1,27673.0,9689.000000000007,1.0
1702,Северный муниципальный район,Оренбургская область,муниципальный район,7,0,1,21559.0,10754.0,1.0
1703,Ташлинский муниципальный район,Оренбургская область,муниципальный район,7,1,2,24047.0,19855.99999999999,0.7916666666666666
1704,Тоцкий муниципальный район,Оренбургская область,муниципальный район,5,0,1,36931.0,30815.999999999993,1.0
1705,Тюльганский муниципальный район,Оренбургская область,муниципальный район,7,0,1,23052.0,17089.0,1.0
1706,Шарлыкский муниципальный район,Оренбургская область,муниципальный район,7,0,1,22028.0,14854.999999999987,1.0
1707,городской округ город Орёл,Орловская область,городской округ,3,0,1,40205.0,292405.9999999999,1.0
1708,городской округ город Ливны,Орловская область,городской округ,5,0,1,31974.0,42693.99999999996,1.0
1709,городской округ город Мценск,Орловская область,городской округ,5,0,1,35806.0,35554.0,1.0
1710,Болховский муниципальный район,Орловская область,муниципальный район,7,0,1,26322.0,14976.999999999995,1.0
1711,Верховский муниципальный район,Орловская область,муниципальный район,7,0,1,27442.0,14493.000000000007,1.0
1712,Глазуновский муниципальный район,Орловская область,муниципальный район,7,0,1,24089.0,10168.000000000004,1.0
1713,Дмитровский муниципальный район,Орловская область,муниципальный район,7,0,1,23997.0,10380.999999999998,1.0
1714,Должанский муниципальный район,Орловская область,муниципальный район,7,0,1,25735.0,8587.0,1.0
1715,Залегощенский муниципальный район,Орловская область,муниципальный район,7,0,1,24894.0,11724.0,1.0
1717,Колпнянский муниципальный район,Орловская область,муниципальный район,7,0,1,25885.0,12286.000000000005,1.0
1718,Краснозоренский муниципальный район,Орловская область,муниципальный район,7,0,1,26377.0,5084.000000000002,1.0
1719,Кромской муниципальный район,Орловская область,муниципальный район,5,1,2,33606.0,20537.0,0.625
1722,Малоархангельский муниципальный район,Орловская область,муниципальный район,7,0,1,26669.0,9311.999999999998,1.0
1724,Новодеревеньковский муниципальный район,Орловская область,муниципальный район,7,0,1,27151.0,9028.000000000005,1.0
1725,Новосильский муниципальный район,Орловская область,муниципальный район,7,0,1,24826.0,6534.000000000003,1.0
1726,муниципальный округ Орловский,Орловская область,муниципальный округ,5,0,1,42179.0,69588.00000000006,1.0
1727,Покровский муниципальный район,Орловская область,муниципальный район,7,0,1,25682.0,11872.999999999996,1.0
1728,Свердловский муниципальный район,Орловская область,муниципальный район,7,0,1,23596.0,13337.000000000011,1.0
1730,Троснянский муниципальный район,Орловская область,муниципальный район,7,0,1,26642.0,7678.0,1.0
1731,Урицкий муниципальный район,Орловская область,муниципальный район,7,1,2,24084.0,17284.0,0.6666666666666666
1732,Хотынецкий муниципальный район,Орловская область,муниципальный район,7,0,1,23528.0,7819.000000000003,1.0
1733,Шаблыкинский муниципальный район,Орловская область,муниципальный район,7,0,1,23750.0,5834.999999999995,1.0
1737,Башмаковский муниципальный район,Пензенская область,муниципальный район,7,0,1,26749.0,19101.999999999996,1.0
1738,Бековский муниципальный район,Пензенская область,муниципальный район,7,0,1,28894.0,13474.000000000011,1.0
1739,Белинский муниципальный район,Пензенская область,муниципальный район,7,0,1,24683.0,23698.99999999999,1.0
1740,Бессоновский муниципальный район,Пензенская область,муниципальный район,5,0,1,30431.0,44900.99999999997,1.0
1741,Вадинский муниципальный район,Пензенская область,муниципальный район,7,0,1,25087.0,7153.000000000005,1.0
1742,Городищенский муниципальный район,Пензенская область,муниципальный район,7,0,1,22640.0,45418.999999999985,1.0
1743,Земетчинский муниципальный район,Пензенская область,муниципальный район,7,0,1,26371.0,18591.999999999985,1.0
1744,Иссинский муниципальный район,Пензенская область,муниципальный район,7,0,1,25133.0,8267.999999999998,1.0
1745,Каменский муниципальный район,Пензенская область,муниципальный район,5,3,2,28192.0,48394.00000000003,0.5833333333333334
1746,Камешкирский муниципальный район,Пензенская область,муниципальный район,7,0,1,22026.0,9895.000000000007,1.0
1747,Колышлейский муниципальный район,Пензенская область,муниципальный район,7,0,1,24140.0,20512.99999999999,1.0
1749,Лопатинский муниципальный район,Пензенская область,муниципальный район,7,0,1,20797.0,11327.000000000005,1.0
1750,Лунинский муниципальный район,Пензенская область,муниципальный район,7,0,1,22779.0,15622.999999999998,1.0
1751,Малосердобинский муниципальный район,Пензенская область,муниципальный район,7,0,1,22624.0,7959.000000000004,1.0
1752,Мокшанский муниципальный район,Пензенская область,муниципальный район,7,1,2,24433.0,23531.999999999993,0.9166666666666666
1753,Наровчатский муниципальный район,Пензенская область,муниципальный район,7,0,1,24331.0,9755.99999999999,1.0
1754,Неверкинский муниципальный район,Пензенская область,муниципальный район,7,0,1,20229.0,13081.0,1.0
1755,Нижнеломовский муниципальный район,Пензенская область,муниципальный район,5,0,1,27894.0,35595.00000000001,1.0
1756,Никольский муниципальный район,Пензенская область,муниципальный район,7,0,1,22865.0,27530.000000000022,1.0
1757,Пачелмский муниципальный район,Пензенская область,муниципальный район,7,0,1,23051.0,12972.000000000004,1.0
1758,Пензенский муниципальный район,Пензенская область,муниципальный район,5,0,1,38996.0,66409.00000000004,1.0
1759,Сердобский муниципальный район,Пензенская область,муниципальный район,5,1,2,27670.0,44282.999999999985,0.5
1760,Сосновоборский муниципальный район,Пензенская область,муниципальный район,7,0,1,27535.0,13511.999999999998,1.0
1761,Спасский муниципальный район,Пензенская область,муниципальный район,7,0,1,27281.0,10833.00000000001,1.0
1762,Тамалинский муниципальный район,Пензенская область,муниципальный район,7,0,1,25473.0,12659.000000000007,1.0
1763,Шемышейский муниципальный район,Пензенская область,муниципальный район,7,0,1,21201.0,14345.999999999987,1.0
1764,городской округ город Псков,Псковская область,городской округ,3,0,1,46416.0,187129.00000000015,1.0
1765,городской округ город Великие Луки,Псковская область,городской округ,5,0,1,38796.0,85442.0,1.0
1766,Бежаницкий муниципальный район,Псковская область,муниципальный район,7,0,1,28653.0,9801.999999999998,1.0
1767,Великолукский муниципальный район,Псковская область,муниципальный район,5,1,2,35487.0,19020.000000000007,0.5833333333333334
1768,Гдовский муниципальный район,Псковская область,муниципальный район,7,0,1,28226.0,8543.999999999996,1.0
1769,Дедовичский муниципальный район,Псковская область,муниципальный район,7,0,1,28842.0,11451.000000000005,1.0
1770,Дновский муниципальный район,Псковская область,муниципальный район,5,0,1,30467.0,10547.000000000005,1.0
1771,муниципальный округ Красногородский,Псковская область,муниципальный округ,7,0,1,27771.0,6202.000000000002,1.0
1773,муниципальный округ Локнянский,Псковская область,муниципальный округ,7,0,1,25198.0,7535.000000000003,1.0
1774,муниципальный округ Невельский,Псковская область,муниципальный округ,7,0,1,28686.0,20417.000000000004,1.0
1775,муниципальный округ Новоржевский,Псковская область,муниципальный округ,7,0,1,28903.0,7681.999999999996,1.0
1776,Новосокольнический муниципальный район,Псковская область,муниципальный район,7,0,1,25953.0,11427.000000000002,1.0
1777,муниципальный округ Опочецкий,Псковская область,муниципальный округ,7,0,1,29420.0,14689.999999999987,1.0
1778,Островский муниципальный район,Псковская область,муниципальный район,5,0,1,33490.0,26617.999999999978,1.0
1780,муниципальный округ Печорский,Псковская область,муниципальный округ,7,1,2,29144.0,18184.0,0.7916666666666666
1781,Плюсский муниципальный район,Псковская область,муниципальный район,7,0,1,27846.0,6131.000000000002,1.0
1782,Порховский муниципальный район,Псковская область,муниципальный район,7,2,2,29674.0,14634.999999999996,0.7916666666666666
1783,Псковский муниципальный район,Псковская область,муниципальный район,5,0,1,52497.0,44748.99999999996,1.0
1784,Пустошкинский муниципальный район,Псковская область,муниципальный район,7,0,1,27898.0,7174.000000000003,1.0
1785,Пушкиногорский муниципальный район,Псковская область,муниципальный район,7,0,1,30257.0,7103.000000000002,1.0
1786,муниципальный округ Пыталовский,Псковская область,муниципальный округ,7,0,1,29435.0,9541.99999999999,1.0
1787,Себежский муниципальный район,Псковская область,муниципальный район,7,0,1,32050.0,18347.99999999999,1.0
1788,муниципальный округ Струго-Красненский,Псковская область,муниципальный округ,7,0,1,32276.0,9466.999999999993,1.0
1789,Усвятский муниципальный район,Псковская область,муниципальный район,7,0,1,25668.0,4720.000000000004,1.0
1845,городской округ город Рязань,Рязанская область,городской округ,3,0,1,45549.0,520509.0000000004,1.0
1846,городской округ город Касимов,Рязанская область,городской округ,5,0,1,34176.0,27536.999999999978,1.0
1848,городской округ город Скопин,Рязанская область,городской округ,7,0,1,30830.0,25423.999999999996,1.0
1849,Ермишинский муниципальный район,Рязанская область,муниципальный район,7,0,1,25159.0,6377.0,1.0
1850,Захаровский муниципальный район,Рязанская область,муниципальный район,7,0,1,24441.0,7675.9999999999945,1.0
1851,Кадомский муниципальный район,Рязанская область,муниципальный район,7,0,1,26751.0,7263.999999999998,1.0
1852,Касимовский муниципальный район,Рязанская область,муниципальный район,5,2,2,28719.0,26913.999999999978,0.5
1853,Клепиковский муниципальный район,Рязанская область,муниципальный район,7,0,1,28875.0,20754.999999999993,1.0
1854,Кораблинский муниципальный район,Рязанская область,муниципальный район,7,0,1,28361.0,21722.99999999998,1.0
1855,Милославский муниципальный район,Рязанская область,муниципальный район,7,0,1,27868.0,10601.999999999996,1.0
1856,Михайловский муниципальный район,Рязанская область,муниципальный район,5,2,2,29197.0,31192.000000000022,0.7083333333333334
1857,Александро-Невский муниципальный район,Рязанская область,муниципальный район,7,0,1,30423.0,10428.000000000007,1.0
1858,Пителинский муниципальный район,Рязанская область,муниципальный район,7,0,1,29774.0,4600.000000000003,1.0
1859,Пронский муниципальный район,Рязанская область,муниципальный район,5,1,2,28570.0,29851.999999999985,0.9583333333333334
1860,Путятинский муниципальный округ,Рязанская область,муниципальный округ,7,0,1,26422.0,6799.0000000000055,1.0
1861,Рыбновский муниципальный район,Рязанская область,муниципальный район,5,0,1,35198.0,38941.00000000002,1.0
1862,Ряжский муниципальный округ,Рязанская область,муниципальный округ,5,0,1,32940.0,26812.00000000001,1.0
1863,Рязанский муниципальный район,Рязанская область,муниципальный район,5,0,1,41185.0,63438.999999999956,1.0
1864,Сапожковский муниципальный район,Рязанская область,муниципальный район,7,0,1,29886.0,8942.999999999996,1.0
1865,Сараевский муниципальный район,Рязанская область,муниципальный район,7,0,1,27786.0,14373.000000000011,1.0
1868,Спасский муниципальный район,Рязанская область,муниципальный район,7,0,1,27321.0,24415.000000000004,1.0
1869,Старожиловский муниципальный район,Рязанская область,муниципальный район,7,0,1,26722.0,15533.0,1.0
1870,Ухоловский муниципальный район,Рязанская область,муниципальный район,7,0,1,25332.0,8122.0000000000055,1.0
1871,Чучковский муниципальный район,Рязанская область,муниципальный район,7,0,1,26169.0,6633.999999999998,1.0
1872,Шацкий муниципальный район,Рязанская область,муниципальный район,7,0,1,27448.0,20266.00000000001,1.0
1873,Шиловский муниципальный район,Рязанская область,муниципальный район,5,3,2,29905.0,34445.99999999999,0.625
1874,городской округ Самара,Самарская область,городской округ,3,0,1,45651.0,1159044.0000000005,1.0
1875,городской округ Жигулевск,Самарская область,городской округ,5,0,1,39849.0,52171.00000000001,1.0
1876,городской округ Кинель,Самарская область,городской округ,5,0,1,39754.0,57721.00000000002,1.0
1877,городской округ Новокуйбышевск,Самарская область,городской округ,3,4,2,41422.0,98550.00000000001,0.75
1878,городской округ Октябрьск,Самарская область,городской округ,7,0,1,27296.0,19887.000000000007,1.0
1879,городской округ Отрадный,Самарская область,городской округ,5,0,1,39242.0,46480.00000000001,1.0
1880,городской округ Похвистнево,Самарская область,городской округ,5,0,1,32910.0,27684.999999999993,1.0
1881,городской округ Сызрань,Самарская область,городской округ,5,2,2,38638.0,162371.99999999997,0.5833333333333334
1883,городской округ Чапаевск,Самарская область,городской округ,5,0,1,37885.0,68824.0,1.0
1884,Алексеевский муниципальный район,Самарская область,муниципальный район,7,0,1,30196.0,10498.999999999998,1.0
1885,Безенчукский муниципальный район,Самарская область,муниципальный район,5,0,1,32657.0,35844.00000000001,1.0
1886,Богатовский муниципальный район,Самарская область,муниципальный район,7,0,1,29018.0,13051.99999999999,1.0
1887,Большеглушицкий муниципальный район,Самарская область,муниципальный район,7,0,1,28998.0,17856.000000000004,1.0
1888,Большечерниговский муниципальный район,Самарская область,муниципальный район,5,1,2,29200.0,17085.000000000004,0.9583333333333334
1889,Борский муниципальный район,Самарская область,муниципальный район,7,0,1,30825.0,22165.999999999996,1.0
1890,Волжский муниципальный район,Самарская область,муниципальный район,0,2,2,44374.0,130495.00000000004,0.5416666666666666
1891,Елховский муниципальный район,Самарская область,муниципальный район,7,0,1,25434.0,9127.999999999996,1.0
1892,Исаклинский муниципальный район,Самарская область,муниципальный район,7,0,1,25447.0,12310.000000000007,1.0
1893,Камышлинский муниципальный район,Самарская область,муниципальный район,7,0,1,25476.0,10430.999999999996,1.0
1894,Кинельский муниципальный район,Самарская область,муниципальный район,5,1,2,26286.0,30308.999999999996,0.9583333333333334
1895,Кинель-Черкасский муниципальный район,Самарская область,муниципальный район,5,3,2,29244.0,40596.000000000015,0.75
1896,Клявлинский муниципальный район,Самарская область,муниципальный район,7,0,1,26526.0,13966.999999999993,1.0
1897,Кошкинский муниципальный район,Самарская область,муниципальный район,5,1,2,28002.0,20671.99999999999,0.5416666666666666
1898,Красноармейский муниципальный район,Самарская область,муниципальный район,7,0,1,27647.0,15787.999999999998,1.0
1899,Красноярский муниципальный район,Самарская область,муниципальный район,5,0,1,33595.0,56124.00000000005,1.0
1900,Нефтегорский муниципальный район,Самарская область,муниципальный район,5,0,1,34156.0,31957.999999999975,1.0
1901,Пестравский муниципальный район,Самарская область,муниципальный район,7,0,1,29376.0,14513.000000000007,1.0
1902,Похвистневский муниципальный район,Самарская область,муниципальный район,7,0,1,26231.0,25634.99999999998,1.0
1903,Приволжский муниципальный район,Самарская область,муниципальный район,7,0,1,30606.0,21590.000000000004,1.0
1904,Сергиевский муниципальный район,Самарская область,муниципальный район,5,0,1,30807.0,43600.000000000015,1.0
1905,Ставропольский муниципальный район,Самарская область,муниципальный район,5,0,1,41150.0,88161.99999999994,1.0
1906,Сызранский муниципальный район,Самарская область,муниципальный район,5,1,2,33497.0,23294.999999999985,0.7916666666666666
1907,Хворостянский муниципальный район,Самарская область,муниципальный район,7,0,1,29221.0,15789.000000000002,1.0
1908,Челно-Вершинский муниципальный район,Самарская область,муниципальный район,7,0,1,25978.0,14451.0,1.0
1909,Шенталинский муниципальный район,Самарская область,муниципальный район,7,0,1,26630.0,12565.0,1.0
1910,Шигонский муниципальный район,Самарская область,муниципальный район,7,1,2,29010.0,19271.999999999993,0.8333333333333334
1912,городской округ город Шиханы,Саратовская область,городской округ,7,0,1,36758.0,4872.000000000002,1.0
1915,Александрово-Гайский муниципальный район,Саратовская область,муниципальный район,7,0,1,24262.0,14280.0,1.0
1916,Аркадакский муниципальный район,Саратовская область,муниципальный район,7,0,1,26549.0,19018.000000000015,1.0
1917,Аткарский муниципальный район,Саратовская область,муниципальный район,7,0,1,26566.0,33425.000000000015,1.0
1918,Базарно-Карабулакский муниципальный район,Саратовская область,муниципальный район,7,0,1,23681.0,24991.0,1.0
1919,Балаковский муниципальный район,Саратовская область,муниципальный район,3,3,2,37818.0,200240.99999999988,0.5
1920,Балашовский муниципальный район,Саратовская область,муниципальный район,5,0,1,32648.0,99920.99999999991,1.0
1921,Балтайский муниципальный район,Саратовская область,муниципальный район,7,0,1,25847.0,9849.999999999995,1.0
1922,Вольский муниципальный район,Саратовская область,муниципальный район,5,0,1,33679.0,80407.00000000004,1.0
1923,Воскресенский муниципальный район,Саратовская область,муниципальный район,7,0,1,24147.0,10854.000000000002,1.0
1924,Дергачевский муниципальный район,Саратовская область,муниципальный район,7,0,1,23131.0,15660.0,1.0
1925,Духовницкий муниципальный район,Саратовская область,муниципальный район,7,0,1,24290.0,9855.99999999999,1.0
1926,Екатериновский муниципальный район,Саратовская область,муниципальный район,7,0,1,26972.0,16295.999999999998,1.0
1927,Ершовский муниципальный район,Саратовская область,муниципальный район,7,3,2,25341.0,30920.000000000025,0.5416666666666666
1928,Ивантеевский муниципальный район,Саратовская область,муниципальный район,7,0,1,26625.0,12313.000000000011,1.0
1929,Калининский муниципальный район,Саратовская область,муниципальный район,7,0,1,26589.0,26679.00000000001,1.0
1930,Красноармейский муниципальный район,Саратовская область,муниципальный район,7,3,2,28331.0,40535.99999999997,0.7083333333333334
1931,Краснокутский муниципальный район,Саратовская область,муниципальный район,7,0,1,26881.0,30317.999999999985,1.0
1932,Краснопартизанский муниципальный район,Саратовская область,муниципальный район,7,0,1,25748.0,8776.0,1.0
1933,Лысогорский муниципальный район,Саратовская область,муниципальный район,7,0,1,25738.0,17227.99999999999,1.0
1934,Марксовский муниципальный район,Саратовская область,муниципальный район,5,0,1,30748.0,57354.00000000004,1.0
1935,Новобурасский муниципальный район,Саратовская область,муниципальный район,7,0,1,23974.0,14823.999999999989,1.0
1936,Новоузенский муниципальный район,Саратовская область,муниципальный район,7,0,1,25096.0,26366.999999999985,1.0
1937,Озинский муниципальный район,Саратовская область,муниципальный район,7,0,1,26180.0,14261.999999999996,1.0
1938,Перелюбский муниципальный район,Саратовская область,муниципальный район,7,0,1,25035.0,10960.000000000007,1.0
1939,Петровский муниципальный район,Саратовская область,муниципальный район,7,0,1,25779.0,36094.00000000001,1.0
1940,Питерский муниципальный район,Саратовская область,муниципальный район,7,0,1,25391.0,14502.999999999993,1.0
1941,Пугачевский муниципальный район,Саратовская область,муниципальный район,5,0,1,29017.0,54377.00000000004,1.0
1942,Ровенский муниципальный район,Саратовская область,муниципальный район,7,0,1,22400.0,16346.000000000004,1.0
1943,Романовский муниципальный район,Саратовская область,муниципальный район,7,0,1,23531.0,12117.00000000001,1.0
1944,Ртищевский муниципальный район,Саратовская область,муниципальный район,7,3,2,27423.0,50178.99999999996,0.7083333333333334
1945,Самойловский муниципальный район,Саратовская область,муниципальный район,7,0,1,26182.0,15903.999999999996,1.0
1947,Советский муниципальный район,Саратовская область,муниципальный район,7,0,1,25854.0,24242.000000000004,1.0
1948,Татищевский муниципальный район,Саратовская область,муниципальный район,7,0,1,27175.0,27609.0,1.0
1949,Турковский муниципальный район,Саратовская область,муниципальный район,7,0,1,28024.0,9476.999999999996,1.0
1950,Федоровский муниципальный район,Саратовская область,муниципальный район,7,0,1,26329.0,16427.00000000001,1.0
1951,Хвалынский муниципальный район,Саратовская область,муниципальный район,7,0,1,26612.0,20628.000000000004,1.0
1952,Энгельсский муниципальный район,Саратовская область,муниципальный район,3,0,1,38494.0,304712.9999999998,1.0
1954,городской округ Александровск-Сахалинский район,Сахалинская область,городской округ,4,3,2,41907.0,14130.14700142932,0.7083333333333334
1955,городской округ Анивский,Сахалинская область,городской округ,4,1,2,54843.0,45101.22534237382,0.8333333333333334
1956,городской округ Долинский,Сахалинская область,городской округ,4,1,2,38444.0,19474.587009623243,0.75
1957,городской округ Корсаковский,Сахалинская область,городской округ,4,0,1,50707.0,60868.42361114874,1.0
1958,городской округ Курильский,Сахалинская область,городской округ,1,0,1,67604.0,15431.16752799631,1.0
1959,городской округ Макаровский,Сахалинская область,городской округ,4,1,2,38291.0,10173.732883574907,0.7083333333333334
1960,городской округ Невельский,Сахалинская область,городской округ,4,1,2,42532.0,14024.727832501287,0.7083333333333334
1961,городской округ Ногликский,Сахалинская область,городской округ,2,0,1,55865.0,46970.389504195264,1.0
1962,городской округ Охинский,Сахалинская область,городской округ,2,3,3,52816.0,16495.023131838003,0.75
1963,городской округ Поронайский,Сахалинская область,городской округ,4,5,2,43013.0,16505.687534996632,0.625
1965,городской округ Смирныховский,Сахалинская область,городской округ,4,3,2,38798.0,9670.770095877304,0.75
1966,городской округ Томаринский,Сахалинская область,городской округ,4,3,2,39541.0,11653.032189296231,0.7916666666666666
1967,городской округ Тымовский,Сахалинская область,городской округ,4,3,2,45897.0,16266.644354982112,0.7083333333333334
1968,городской округ Углегорский,Сахалинская область,городской округ,4,4,2,49168.0,29560.779622557227,0.5833333333333334
1969,городской округ Холмский,Сахалинская область,городской округ,1,3,2,39634.0,10646.834439588425,0.7916666666666666
1970,городской округ Южно-Курильский,Сахалинская область,городской округ,1,4,2,61261.0,8720.468050794634,0.5
1971,городской округ город Екатеринбург,Свердловская область,городской округ,3,0,1,50463.0,1580108.9999999995,1.0
1972,городской округ город Алапаевск,Свердловская область,городской округ,5,0,1,37249.0,41048.00000000001,1.0
1973,городской округ Артемовский,Свердловская область,городской округ,5,0,1,34200.0,52119.0,1.0
1974,городской округ Асбестовский,Свердловская область,городской округ,5,0,1,40986.0,58292.99999999995,1.0
1975,городской округ Малышевский,Свердловская область,городской округ,5,3,2,32141.0,9498.999999999995,0.5833333333333334
1976,городской округ Рефтинский,Свердловская область,городской округ,5,0,1,35283.0,15136.999999999998,1.0
1977,городской округ Березовский,Свердловская область,городской округ,5,2,2,46054.0,76769.99999999994,0.875
1978,городской округ Богданович,Свердловская область,городской округ,5,0,1,37872.0,43489.00000000002,1.0
1979,городской округ Верхняя Пышма,Свердловская область,городской округ,0,0,1,49004.0,90809.99999999996,1.0
1980,городской округ Среднеуральск,Свердловская область,городской округ,5,0,1,38023.0,25138.999999999985,1.0
1981,городской округ Верхнесалдинский,Свердловская область,городской округ,5,0,1,39251.0,41951.999999999985,1.0
1982,городской округ Заречный,Свердловская область,городской округ,5,0,1,39613.0,31896.99999999998,1.0
1983,городской округ Ивдельский,Свердловская область,городской округ,5,3,2,37692.0,17176.000000000004,0.8333333333333334
1984,городской округ Пелым,Свердловская область,городской округ,4,6,2,29978.0,3418.0000000000027,0.7916666666666666
1985,городской округ город Ирбит,Свердловская область,городской округ,5,0,1,38516.0,36505.000000000015,1.0
1986,городской округ город Каменск-Уральский,Свердловская область,городской округ,3,0,1,41308.0,163500.99999999988,1.0
1987,городской округ Камышловский,Свердловская область,городской округ,5,0,1,34958.0,26764.999999999978,1.0
1988,городской округ Карпинск,Свердловская область,городской округ,5,0,1,34239.0,26967.99999999999,1.0
1989,городской округ Волчанский,Свердловская область,городской округ,5,3,2,35970.0,8570.000000000004,0.5416666666666666
1990,городской округ Качканарский,Свердловская область,городской округ,5,1,2,38405.0,38417.99999999997,0.75
1991,городской округ Кировградский,Свердловская область,городской округ,5,0,1,34573.0,23720.999999999993,1.0
1992,городской округ Верхний Тагил,Свердловская область,городской округ,5,0,1,33505.0,10990.999999999996,1.0
1993,городской округ Краснотурьинск,Свердловская область,городской округ,5,2,2,42844.0,58849.99999999995,0.9166666666666666
1994,городской округ Красноуральск,Свердловская область,городской округ,5,0,1,32652.0,21994.000000000007,1.0
1995,городской округ Красноуфимск,Свердловская область,городской округ,5,0,1,36191.0,37866.00000000001,1.0
1996,городской округ Кушвинский,Свердловская область,городской округ,5,0,1,30776.0,35844.00000000001,1.0
1997,городской округ Верхняя Тура,Свердловская область,городской округ,5,0,1,32974.0,8418.000000000004,1.0
1999,городской округ Невьянский,Свердловская область,городской округ,5,0,1,39776.0,37190.00000000003,1.0
2000,городской округ город Нижний Тагил,Свердловская область,городской округ,3,0,1,45958.0,333178.9999999998,1.0
2001,городской округ Нижняя Салда,Свердловская область,городской округ,5,0,1,34992.0,16275.000000000013,1.0
2002,городской округ Нижнетуринский,Свердловская область,городской округ,5,0,1,35659.0,21907.000000000015,1.0
2004,городской округ Первоуральск,Свердловская область,городской округ,3,1,2,41685.0,130039.00000000007,0.5
2005,городской округ Полевской,Свердловская область,городской округ,5,0,1,42528.0,59978.99999999999,1.0
2006,городской округ Ревда,Свердловская область,городской округ,5,0,1,41414.0,60261.999999999985,1.0
2007,городской округ Дегтярск,Свердловская область,городской округ,7,1,2,29744.0,14941.00000000001,0.7916666666666666
2008,городской округ Режевской,Свердловская область,городской округ,5,0,1,36962.0,45338.000000000015,1.0
2009,городской округ Североуральский,Свердловская область,городской округ,5,0,1,38324.0,35124.99999999997,1.0
2010,городской округ Серовский,Свердловская область,городской округ,5,0,1,40859.0,98414.99999999994,1.0
2011,городской округ Сухой Лог,Свердловская область,городской округ,5,0,1,37661.0,46497.99999999999,1.0
2012,городской округ Тавдинский,Свердловская область,городской округ,5,0,1,33585.0,35602.00000000003,1.0
2015,городской округ Алапаевское,Свердловская область,городской округ,5,0,1,31889.0,22841.999999999993,1.0
2017,городской округ Артинский,Свердловская область,городской округ,7,0,1,29657.0,24973.00000000002,1.0
2018,городской округ Ачитский,Свердловская область,городской округ,7,0,1,23530.0,13693.000000000011,1.0
2019,городской округ Белоярский,Свердловская область,городской округ,5,0,1,37156.0,33349.000000000015,1.0
2020,городской округ Верхнее Дуброво,Свердловская область,городской округ,5,0,1,31593.0,4521.999999999996,1.0
2021,городской округ Верхотурский,Свердловская область,городской округ,7,4,3,34014.0,13374.00000000001,0.4583333333333333
2022,городской округ Гаринский,Свердловская область,городской округ,7,1,2,30620.0,2442.0,0.7916666666666666
2023,городской округ Ирбитское,Свердловская область,городской округ,7,1,2,29910.0,26012.99999999999,0.6666666666666666
2024,городской округ Каменский,Свердловская область,городской округ,5,0,1,36740.0,26361.999999999985,1.0
2025,городской округ Красноуфимский округ,Свердловская область,городской округ,7,3,3,29453.0,22802.999999999996,0.7916666666666666
2027,городской округ Бисертский,Свердловская область,городской округ,7,0,1,31178.0,9456.000000000005,1.0
2028,городской округ Новолялинский,Свердловская область,городской округ,7,1,2,35097.0,18686.99999999999,0.5833333333333334
2030,городской округ Пышминский,Свердловская область,городской округ,7,2,3,32766.0,18497.999999999993,0.625
2031,городской округ Сосьвинский,Свердловская область,городской округ,7,0,1,34140.0,12459.000000000004,1.0
2032,городской округ Сысертский,Свердловская область,городской округ,5,0,1,43493.0,65367.99999999998,1.0
2033,городской округ Арамильский,Свердловская область,городской округ,5,0,1,44091.0,23609.00000000001,1.0
2034,городской округ Талицкий,Свердловская область,городской округ,5,0,1,32879.0,39733.00000000001,1.0
2035,городской округ Тугулымский,Свердловская область,городской округ,7,0,1,30304.0,17096.000000000007,1.0
2036,городской округ Туринский,Свердловская область,городской округ,7,4,2,31285.0,23655.000000000015,0.875
2037,городской округ Шалинский,Свердловская область,городской округ,7,0,1,29097.0,16262.999999999998,1.0
2039,Байкаловский муниципальный район,Свердловская область,муниципальный район,7,3,2,30501.0,14422.0,0.5416666666666666
2040,Камышловский муниципальный район,Свердловская область,муниципальный район,5,0,1,42897.0,20537.0,1.0
2041,Слободо-Туринский муниципальный район,Свердловская область,муниципальный район,7,0,1,30812.0,11664.000000000005,1.0
2042,Нижнесергинский муниципальный район,Свердловская область,муниципальный район,5,0,1,31894.0,37355.99999999999,1.0
2043,Таборинский муниципальный район,Свердловская область,муниципальный район,7,0,1,33636.0,2676.999999999999,1.0
2044,городской округ город Смоленск,Смоленская область,городской округ,3,0,1,44379.0,310644.99999999994,1.0
2045,городской округ город Десногорск,Смоленская область,городской округ,5,2,2,40327.0,24684.000000000022,0.8333333333333334
2046,Велижский муниципальный район,Смоленская область,муниципальный район,7,0,1,26381.0,8847.999999999996,1.0
2047,Вяземский муниципальный район,Смоленская область,муниципальный район,5,0,1,39308.0,69940.99999999997,1.0
2048,Гагаринский муниципальный район,Смоленская область,муниципальный район,5,0,1,40985.0,39256.99999999997,1.0
2049,Глинковский муниципальный район,Смоленская область,муниципальный район,7,0,1,25630.0,3397.0000000000014,1.0
2050,Демидовский муниципальный район,Смоленская область,муниципальный район,7,0,1,25664.0,10716.999999999995,1.0
2051,Дорогобужский муниципальный район,Смоленская область,муниципальный район,5,0,1,36772.0,23563.0,1.0
2052,Духовщинский муниципальный район,Смоленская область,муниципальный район,7,0,1,31485.0,13641.000000000005,1.0
2053,Ельнинский муниципальный район,Смоленская область,муниципальный район,7,0,1,32257.0,10930.000000000005,1.0
2054,Ершичский муниципальный район,Смоленская область,муниципальный район,7,0,1,27731.0,5051.999999999996,1.0
2055,Кардымовский муниципальный район,Смоленская область,муниципальный район,7,1,2,29858.0,10664.000000000007,0.6666666666666666
2056,Краснинский муниципальный район,Смоленская область,муниципальный район,7,0,1,26304.0,10187.000000000004,1.0
2057,Монастырщинский муниципальный район,Смоленская область,муниципальный район,7,0,1,22943.0,7768.999999999997,1.0
2058,Новодугинский муниципальный район,Смоленская область,муниципальный район,7,0,1,29952.0,7059.000000000002,1.0
2059,Починковский муниципальный район,Смоленская область,муниципальный район,5,2,2,30964.0,24334.999999999996,0.9166666666666666
2060,Рославльский муниципальный район,Смоленская область,муниципальный район,5,0,1,34165.0,59933.999999999985,1.0
2061,Руднянский муниципальный район,Смоленская область,муниципальный район,5,1,2,27401.0,20478.00000000001,0.5
2062,Сафоновский муниципальный район,Смоленская область,муниципальный район,5,0,1,32496.0,49887.00000000002,1.0
2063,Смоленский муниципальный район,Смоленская область,муниципальный район,5,0,1,44475.0,61412.99999999998,1.0
2064,Сычевский муниципальный район,Смоленская область,муниципальный район,7,0,1,32687.0,11980.000000000002,1.0
2065,Темкинский муниципальный район,Смоленская область,муниципальный район,7,0,1,33278.0,4145.999999999999,1.0
2066,Угранский муниципальный район,Смоленская область,муниципальный район,7,0,1,31982.0,6524.0000000000055,1.0
2067,Хиславичский муниципальный район,Смоленская область,муниципальный район,7,0,1,24897.0,6419.0,1.0
2068,Холм-Жирковский муниципальный район,Смоленская область,муниципальный район,7,0,1,31579.0,7715.9999999999945,1.0
2069,Шумячский муниципальный район,Смоленская область,муниципальный район,7,0,1,24822.0,7974.000000000006,1.0
2070,Ярцевский муниципальный район,Смоленская область,муниципальный район,5,0,1,34202.0,46827.00000000002,1.0
2072,городской округ город Кирсанов,Тамбовская область,городской округ,5,4,2,27529.0,24765.5948691496,0.75
2073,городской округ город Котовск,Тамбовская область,городской округ,5,0,1,28569.0,20054.99532715617,1.0
2074,городской округ город Мичуринск,Тамбовская область,городской округ,5,0,1,34054.0,47108.69996432316,1.0
2075,городской округ город Моршанск,Тамбовская область,городской округ,7,7,2,28517.0,31540.462636372675,0.5833333333333334
2076,городской округ город Рассказово,Тамбовская область,городской округ,5,0,1,30491.0,30604.86109719458,1.0
2077,городской округ город Уварово,Тамбовская область,городской округ,7,0,1,29166.0,26917.35186133114,1.0
2078,Бондарский муниципальный округ,Тамбовская область,муниципальный округ,7,0,1,20342.0,11453.747498712548,1.0
2079,Гавриловский муниципальный округ,Тамбовская область,муниципальный округ,7,0,1,25613.0,11188.98694045053,1.0
2080,Жердевский муниципальный округ,Тамбовская область,муниципальный округ,7,0,1,27841.0,25101.543047961077,1.0
2081,Знаменский муниципальный округ,Тамбовская область,муниципальный округ,7,0,1,28383.0,16620.816116360475,1.0
2082,Инжавинский муниципальный округ,Тамбовская область,муниципальный округ,7,0,1,25605.0,18216.024735367966,1.0
2085,Мордовский муниципальный округ,Тамбовская область,муниципальный округ,7,0,1,25797.0,13546.63931195531,1.0
2087,Мучкапский муниципальный округ,Тамбовская область,муниципальный округ,7,0,1,25765.0,12436.86670272717,1.0
2088,Никифоровский муниципальный округ,Тамбовская область,муниципальный округ,7,0,1,24435.0,12825.618009339407,1.0
2089,Первомайский муниципальный округ,Тамбовская область,муниципальный округ,7,0,1,25495.0,12138.223636197717,1.0
2090,Петровский муниципальный округ,Тамбовская область,муниципальный округ,7,0,1,25106.0,11653.770562119193,1.0
2091,Пичаевский муниципальный округ,Тамбовская область,муниципальный округ,7,0,1,24327.0,12005.353590664425,1.0
2093,Ржаксинский муниципальный округ,Тамбовская область,муниципальный округ,7,0,1,25859.0,19822.665491924367,1.0
2094,Сампурский муниципальный округ,Тамбовская область,муниципальный округ,7,0,1,25949.0,14004.732586547634,1.0
2095,Сосновский муниципальный округ,Тамбовская область,муниципальный округ,7,0,1,24640.0,12391.65487964562,1.0
2096,Староюрьевский муниципальный округ,Тамбовская область,муниципальный округ,7,0,1,25464.0,12801.88652001836,1.0
2098,Токарёвский муниципальный округ,Тамбовская область,муниципальный округ,7,0,1,26850.0,17009.453751186385,1.0
2099,Уваровский муниципальный округ,Тамбовская область,муниципальный округ,7,0,1,26543.0,12599.86163139834,1.0
2100,Умётский муниципальный округ,Тамбовская область,муниципальный округ,7,0,1,25584.0,14543.895840857633,1.0
2101,городской округ город Тверь,Тверская область,городской округ,3,0,1,47499.0,412994.00000000023,1.0
2105,городской округ Осташковский,Тверская область,городской округ,5,0,1,38400.0,20992.0,1.0
2108,городской округ город Торжок,Тверская область,городской округ,5,0,1,39431.0,39503.00000000001,1.0
2109,городской округ Удомельский,Тверская область,городской округ,5,0,1,37935.0,29515.00000000001,1.0
2110,муниципальный округ Андреапольский,Тверская область,муниципальный округ,7,0,1,34938.0,9731.000000000005,1.0
2111,муниципальный округ Бежецкий,Тверская область,муниципальный округ,5,0,1,33103.0,30566.99999999998,1.0
2112,муниципальный округ Бельский,Тверская область,муниципальный округ,7,0,1,29706.0,4851.999999999997,1.0
2113,муниципальный округ Бологовский,Тверская область,муниципальный округ,5,0,1,34563.0,30272.999999999993,1.0
2114,муниципальный округ Весьегонский,Тверская область,муниципальный округ,7,0,1,29256.0,9486.000000000007,1.0
2116,муниципальный округ Жарковский,Тверская область,муниципальный округ,7,0,1,27849.0,3931.0,1.0
2117,муниципальный округ Западнодвинский,Тверская область,муниципальный округ,7,0,1,32594.0,11944.999999999996,1.0
2118,муниципальный округ Зубцовский,Тверская область,муниципальный округ,7,0,1,32476.0,14190.99999999999,1.0
2119,муниципальный округ Калининский,Тверская область,муниципальный округ,5,4,2,46220.0,59603.000000000015,0.625
2120,муниципальный округ Калязинский,Тверская область,муниципальный округ,5,2,2,35852.0,18993.999999999993,0.875
2121,городской округ Кашинский,Тверская область,городской округ,5,0,1,31620.0,22713.000000000004,1.0
2122,муниципальный округ Кесовогорский,Тверская область,муниципальный округ,2,2,2,32297.0,7244.0000000000055,0.7083333333333334
2124,муниципальный округ Конаковский,Тверская область,муниципальный округ,5,0,1,40970.0,67829.0,1.0
2125,муниципальный округ Краснохолмский,Тверская область,муниципальный округ,7,0,1,27391.0,8508.000000000004,1.0
2126,муниципальный округ Кувшиновский,Тверская область,муниципальный округ,7,0,1,32244.0,12610.00000000001,1.0
2127,муниципальный округ Лесной,Тверская область,муниципальный округ,7,0,1,31422.0,3826.9999999999973,1.0
2128,муниципальный округ Лихославльский,Тверская область,муниципальный округ,5,0,1,31086.0,24343.999999999985,1.0
2129,муниципальный округ Максатихинский,Тверская область,муниципальный округ,7,0,1,28663.0,13807.000000000007,1.0
2130,муниципальный округ Молоковский,Тверская область,муниципальный округ,7,0,1,29186.0,3689.9999999999973,1.0
2131,городской округ Нелидовский,Тверская область,городской округ,5,1,2,32725.0,22741.999999999993,0.5
2132,муниципальный округ Оленинский,Тверская область,муниципальный округ,7,0,1,30666.0,11370.999999999996,1.0
2133,муниципальный округ Пеновский,Тверская область,муниципальный округ,7,0,1,34314.0,5051.0,1.0
2134,муниципальный округ Рамешковский,Тверская область,муниципальный округ,7,0,1,28133.0,14776.999999999996,1.0
2136,муниципальный округ Сандовский,Тверская область,муниципальный округ,7,0,1,30067.0,4788.000000000004,1.0
2137,муниципальный округ Селижаровский,Тверская область,муниципальный округ,7,0,1,29389.0,9920.000000000007,1.0
2138,муниципальный округ Сонковский,Тверская область,муниципальный округ,7,0,1,28485.0,6439.0,1.0
2139,муниципальный округ Спировский,Тверская область,муниципальный округ,7,0,1,28556.0,8413.000000000005,1.0
2140,муниципальный округ Старицкий,Тверская область,муниципальный округ,7,0,1,32126.0,20833.999999999985,1.0
2142,муниципальный округ Торопецкий,Тверская область,муниципальный округ,7,2,2,36627.0,16136.999999999998,0.7083333333333334
2143,муниципальный округ Фировский,Тверская область,муниципальный округ,7,0,1,30474.0,7886.999999999999,1.0
2144,городской округ город Томск,Томская область,городской округ,3,0,1,45996.0,565753.0000000003,1.0
2145,городской округ город Кедровый,Томская область,городской округ,4,5,3,41888.0,2625.9999999999995,0.5833333333333334
2146,городской округ город Стрежевой,Томская область,городской округ,2,3,2,42955.0,37478.0,0.5833333333333334
2148,Александровский муниципальный район,Томская область,муниципальный район,2,2,2,38822.0,7233.0000000000055,0.875
2149,Асиновский муниципальный район,Томская область,муниципальный район,7,4,4,29945.0,33341.99999999999,0.625
2150,Бакчарский муниципальный район,Томская область,муниципальный район,6,0,1,30826.0,11191.000000000005,1.0
2151,Верхнекетский муниципальный район,Томская область,муниципальный район,4,6,2,34686.0,14437.999999999989,0.7916666666666666
2152,Зырянский муниципальный район,Томская область,муниципальный район,7,1,2,26162.0,11051.000000000007,0.5833333333333334
2153,Каргасокский муниципальный район,Томская область,муниципальный район,2,2,2,32481.0,17438.00000000001,0.875
2154,Кожевниковский муниципальный район,Томская область,муниципальный район,7,2,2,26986.0,20182.999999999993,0.8333333333333334
2155,Колпашевский муниципальный район,Томская область,муниципальный район,4,0,1,35293.0,32143.000000000015,1.0
2156,Кривошеинский муниципальный район,Томская область,муниципальный район,7,3,2,30023.0,12022.000000000002,0.9166666666666666
2157,Молчановский муниципальный район,Томская область,муниципальный район,4,4,3,31504.0,12102.999999999996,0.4166666666666667
2158,Парабельский муниципальный район,Томская область,муниципальный район,2,2,2,34676.0,11379.000000000002,0.875
2159,Первомайский муниципальный район,Томская область,муниципальный район,7,3,2,28876.0,16470.999999999985,0.7083333333333334
2160,Тегульдетский муниципальный район,Томская область,муниципальный район,7,3,2,32546.0,6462.999999999997,0.875
2161,Томский муниципальный район,Томская область,муниципальный район,5,2,2,46966.0,89298.00000000001,0.9583333333333334
2162,Чаинский муниципальный район,Томская область,муниципальный район,6,0,1,30292.0,11633.000000000005,1.0
2163,Шегарский муниципальный район,Томская область,муниципальный район,7,3,3,27282.0,19646.000000000015,0.75
2164,городской округ город Тула,Тульская область,городской округ,3,0,1,49274.0,538297.0000000003,1.0
2165,городской округ город Алексин,Тульская область,городской округ,5,0,1,40766.0,69513.99999999996,1.0
2167,городской округ город Донской,Тульская область,городской округ,5,0,1,36760.0,62255.00000000001,1.0
2168,городской округ город Ефремов,Тульская область,городской округ,5,0,1,38087.0,56353.99999999998,1.0
2169,городской округ город Новомосковск,Тульская область,городской округ,5,0,1,42985.0,129638.99999999991,1.0
2171,Арсеньевский муниципальный район,Тульская область,муниципальный район,7,0,1,31596.0,9158.999999999998,1.0
2172,Белевский муниципальный район,Тульская область,муниципальный район,5,0,1,33621.0,18493.999999999985,1.0
2173,Богородицкий муниципальный район,Тульская область,муниципальный район,5,0,1,36622.0,49453.99999999999,1.0
2174,Веневский муниципальный район,Тульская область,муниципальный район,5,0,1,33356.0,33948.0,1.0
2175,Воловский муниципальный район,Тульская область,муниципальный район,7,0,1,32155.0,13745.999999999989,1.0
2176,Дубенский муниципальный район,Тульская область,муниципальный район,7,1,2,30728.0,14743.000000000011,0.8333333333333334
2177,Заокский муниципальный район,Тульская область,муниципальный район,5,0,1,43655.0,26773.999999999996,1.0
2178,Каменский муниципальный район,Тульская область,муниципальный район,7,0,1,32392.0,8140.9999999999945,1.0
2179,Кимовский муниципальный район,Тульская область,муниципальный район,5,0,1,32132.0,38587.000000000015,1.0
2180,Киреевский муниципальный район,Тульская область,муниципальный район,5,0,1,32867.0,73375.99999999996,1.0
2181,Куркинский муниципальный район,Тульская область,муниципальный район,7,0,1,32389.0,10641.000000000007,1.0
2182,Одоевский муниципальный район,Тульская область,муниципальный район,7,2,2,32760.0,11804.000000000011,0.9166666666666666
2183,Плавский муниципальный район,Тульская область,муниципальный район,5,0,1,35408.0,29591.99999999999,1.0
2184,Суворовский муниципальный район,Тульская область,муниципальный район,7,0,1,32529.0,34423.99999999999,1.0
2185,Тепло-Огаревский муниципальный район,Тульская область,муниципальный район,7,0,1,29703.0,11100.99999999999,1.0
2186,Узловский муниципальный район,Тульская область,муниципальный район,5,0,1,39106.0,75414.00000000003,1.0
2187,Чернский муниципальный район,Тульская область,муниципальный район,7,2,2,35760.0,18218.000000000007,0.9583333333333334
2188,Щекинский муниципальный район,Тульская область,муниципальный район,5,0,1,42628.0,101699.00000000006,1.0
2189,Ясногорский муниципальный район,Тульская область,муниципальный район,5,0,1,38504.0,30347.999999999996,1.0
2190,городской округ город Тюмень,Тюменская область,городской округ,3,0,1,52623.0,861098.0000000002,1.0
2191,городской округ Заводоуковский,Тюменская область,городской округ,5,0,1,34942.0,47394.00000000001,1.0
2192,городской округ город Ишим,Тюменская область,городской округ,5,0,1,38228.0,67329.0,1.0
2193,городской округ город Тобольск,Тюменская область,городской округ,3,2,2,47149.0,102732.99999999991,0.9166666666666666
2194,городской округ город Ялуторовск,Тюменская область,городской округ,5,0,1,35735.0,38969.99999999999,1.0
2195,Абатский муниципальный район,Тюменская область,муниципальный район,6,1,2,30410.0,18640.999999999996,0.9166666666666666
2196,Армизонский муниципальный район,Тюменская область,муниципальный район,7,0,1,32067.0,9305.999999999998,1.0
2197,Аромашевский муниципальный район,Тюменская область,муниципальный район,7,0,1,28021.0,10235.00000000001,1.0
2198,Бердюжский муниципальный район,Тюменская область,муниципальный район,7,0,1,30412.0,10692.999999999996,1.0
2199,Вагайский муниципальный район,Тюменская область,муниципальный район,7,7,3,28620.0,17835.000000000004,0.375
2200,Викуловский муниципальный район,Тюменская область,муниципальный район,7,0,1,31009.0,14670.000000000013,1.0
2201,городской округ Голышмановский,Тюменская область,городской округ,7,5,3,29969.0,23386.0,0.4583333333333333
2202,Исетский муниципальный район,Тюменская область,муниципальный район,7,2,2,29805.0,25978.999999999978,0.9166666666666666
2203,Ишимский муниципальный район,Тюменская область,муниципальный район,5,3,3,33899.0,28178.0,0.8333333333333334
2204,Казанский муниципальный район,Тюменская область,муниципальный район,6,3,3,29402.0,19958.999999999985,0.8333333333333334
2205,Нижнетавдинский муниципальный район,Тюменская область,муниципальный район,7,3,4,30092.0,27121.999999999978,0.5416666666666666
2206,Омутинский муниципальный район,Тюменская область,муниципальный район,6,5,3,30839.0,18399.000000000015,0.4166666666666667
2207,Сладковский муниципальный район,Тюменская область,муниципальный район,7,0,1,26085.0,10763.000000000002,1.0
2208,Сорокинский муниципальный район,Тюменская область,муниципальный район,7,1,2,29742.0,9229.999999999998,0.9583333333333334
2210,Тюменский муниципальный район,Тюменская область,муниципальный район,0,1,2,47284.0,143579.9999999999,0.7083333333333334
2211,Уватский муниципальный район,Тюменская область,муниципальный район,2,2,2,36070.0,18683.000000000015,0.875
2212,Упоровский муниципальный район,Тюменская область,муниципальный район,7,3,2,30653.0,19403.000000000015,0.5416666666666666
2213,Юргинский муниципальный район,Тюменская область,муниципальный район,7,0,1,31374.0,11095.999999999998,1.0
2215,Ярковский муниципальный район,Тюменская область,муниципальный район,6,7,4,29436.0,23138.999999999985,0.5416666666666666
2216,городской округ город Ханты-Мансийск,Ханты-Мансийский автономный округ — Югра,городской округ,3,5,3,60495.0,145319.7305560591,0.75
2217,городской округ город Когалым,Ханты-Мансийский автономный округ — Югра,городской округ,2,2,2,52897.0,47006.411758617585,0.875
2218,городской округ город Лангепас,Ханты-Мансийский автономный округ — Югра,городской округ,2,2,2,41891.0,49859.3307279983,0.8333333333333334
2219,городской округ город Мегион,Ханты-Мансийский автономный округ — Югра,городской округ,2,2,2,50540.0,44500.8355402683,0.875
2220,городской округ город Нефтеюганск,Ханты-Мансийский автономный округ — Югра,городской округ,3,5,3,54151.0,156503.1763128676,0.75
2221,городской округ город Нижневартовск,Ханты-Мансийский автономный округ — Югра,городской округ,3,2,2,54011.0,224531.3010645935,0.9166666666666666
2222,городской округ город Нягань,Ханты-Мансийский автономный округ — Югра,городской округ,2,2,2,55580.0,64864.27743300421,0.7916666666666666
2223,городской округ город Покачи,Ханты-Мансийский автономный округ — Югра,городской округ,2,2,2,41945.0,28881.64158800133,0.875
2224,городской округ город Пыть-Ях,Ханты-Мансийский автономный округ — Югра,городской округ,2,1,2,47655.0,41060.0025785755,0.75
2225,городской округ город Радужный,Ханты-Мансийский автономный округ — Югра,городской округ,2,2,2,36984.0,29445.73045900832,0.875
2226,городской округ город Сургут,Ханты-Мансийский автономный округ — Югра,городской округ,3,0,1,55515.0,324011.97527081677,1.0
2227,городской округ город Урай,Ханты-Мансийский автономный округ — Югра,городской округ,2,1,2,48964.0,85775.50180481405,0.7083333333333334
2228,городской округ город Югорск,Ханты-Мансийский автономный округ — Югра,городской округ,3,7,3,44200.0,114172.74997745952,0.4166666666666667
2229,Белоярский муниципальный район,Ханты-Мансийский автономный округ — Югра,муниципальный район,2,0,1,42594.0,38539.119591891686,1.0
2230,Березовский муниципальный район,Ханты-Мансийский автономный округ — Югра,муниципальный район,2,2,2,43906.0,17194.980076951935,0.9583333333333334
2231,Кондинский муниципальный район,Ханты-Мансийский автономный округ — Югра,муниципальный район,5,2,2,43901.0,55144.7368064908,0.6666666666666666
2232,Нефтеюганский муниципальный район,Ханты-Мансийский автономный округ — Югра,муниципальный район,2,2,2,46210.0,46208.24984463817,0.8333333333333334
2233,Нижневартовский муниципальный район,Ханты-Мансийский автономный округ — Югра,муниципальный район,2,2,2,35601.0,32409.802507712368,0.875
2234,Октябрьский муниципальный район,Ханты-Мансийский автономный округ — Югра,муниципальный район,2,2,2,42055.0,16664.998570994117,0.7916666666666666
2235,Советский муниципальный район,Ханты-Мансийский автономный округ — Югра,муниципальный район,4,2,2,42570.0,49761.38666673359,0.8333333333333334
2236,Сургутский муниципальный район,Ханты-Мансийский автономный округ — Югра,муниципальный район,2,2,2,40333.0,36085.19705116091,0.8333333333333334
2237,Ханты-Мансийский муниципальный район,Ханты-Мансийский автономный округ — Югра,муниципальный район,5,0,1,39905.0,53924.30430320447,1.0
2238,городской округ город Салехард,Ямало-Ненецкий автономный округ,городской округ,2,0,1,67290.0,29330.45140395247,1.0
2241,городской округ город Муравленко,Ямало-Ненецкий автономный округ,городской округ,2,2,2,48421.0,29147.782091554993,0.9583333333333334
2242,городской округ город Новый Уренгой,Ямало-Ненецкий автономный округ,городской округ,2,0,1,52912.0,36487.52607254227,1.0
2243,городской округ город Ноябрьск,Ямало-Ненецкий автономный округ,городской округ,2,0,1,50724.0,45000.41440901661,1.0
2244,муниципальный округ Красноселькупский район,Ямало-Ненецкий автономный округ,муниципальный округ,2,2,2,50976.0,8755.51415042171,0.9583333333333334
2245,муниципальный округ Надымский район,Ямало-Ненецкий автономный округ,муниципальный округ,2,0,1,50092.0,35264.11999333034,1.0
2248,муниципальный округ Тазовский район,Ямало-Ненецкий автономный округ,муниципальный округ,2,0,1,54543.0,24922.09365114831,1.0
2249,муниципальный округ Шурышкарский район,Ямало-Ненецкий автономный округ,муниципальный округ,1,4,2,48059.0,7202.36157764158,0.9166666666666666
2250,муниципальный округ Ямальский район,Ямало-Ненецкий автономный округ,муниципальный округ,2,2,2,56324.0,7784.695558556454,0.9166666666666666
2251,городской округ город Ульяновск,Ульяновская область,городской округ,3,0,1,41158.0,632771.0000000002,1.0
2252,городской округ город Димитровград,Ульяновская область,городской округ,5,0,1,36599.0,108803.99999999993,1.0
2253,городской округ город Новоульяновск,Ульяновская область,городской округ,5,3,2,26475.0,16791.0,0.5833333333333334
2254,Базарносызганский муниципальный район,Ульяновская область,муниципальный район,7,0,1,27438.0,7274.999999999997,1.0
2255,Барышский муниципальный район,Ульяновская область,муниципальный район,7,0,1,24692.0,34969.000000000015,1.0
2256,Вешкаймский муниципальный район,Ульяновская область,муниципальный район,7,0,1,24234.0,14314.000000000011,1.0
2257,Инзенский муниципальный район,Ульяновская область,муниципальный район,7,0,1,26754.0,25875.000000000004,1.0
2258,Карсунский муниципальный район,Ульяновская область,муниципальный район,7,0,1,22150.0,19556.00000000001,1.0
2259,Кузоватовский муниципальный район,Ульяновская область,муниципальный район,7,0,1,23858.0,17939.000000000004,1.0
2260,Майнский муниципальный район,Ульяновская область,муниципальный район,7,0,1,22487.0,19862.0,1.0
2262,Николаевский муниципальный район,Ульяновская область,муниципальный район,7,0,1,23378.0,21199.99999999999,1.0
2264,Новоспасский муниципальный район,Ульяновская область,муниципальный район,5,3,2,26892.0,19921.000000000015,0.7083333333333334
2265,Павловский муниципальный район,Ульяновская область,муниципальный район,7,0,1,22214.0,11581.999999999993,1.0
2266,Радищевский муниципальный район,Ульяновская область,муниципальный район,7,0,1,25857.0,11246.00000000001,1.0
2267,Сенгилеевский муниципальный район,Ульяновская область,муниципальный район,7,0,1,23342.0,19008.000000000015,1.0
2268,Старокулаткинский муниципальный район,Ульяновская область,муниципальный район,7,0,1,19340.0,9544.999999999996,1.0
2269,Старомайнский муниципальный район,Ульяновская область,муниципальный район,7,0,1,21893.0,14556.00000000001,1.0
2270,Сурский муниципальный район,Ульяновская область,муниципальный район,7,0,1,22851.0,14437.000000000004,1.0
2271,Тереньгульский муниципальный район,Ульяновская область,муниципальный район,7,0,1,21860.0,15507.00000000001,1.0
2272,Ульяновский муниципальный район,Ульяновская область,муниципальный район,7,0,1,23874.0,34930.99999999999,1.0
2273,Цильнинский муниципальный район,Ульяновская область,муниципальный район,7,0,1,21752.0,23006.999999999993,1.0
2274,Чердаклинский муниципальный район,Ульяновская область,муниципальный район,5,2,2,26680.0,38944.99999999998,0.875
2275,городской округ Челябинский,Челябинская область,городской округ,3,0,1,45192.0,478941.89622924867,1.0
2276,городской округ Верхнеуфалейский,Челябинская область,городской округ,5,0,1,31846.0,39427.462765701115,1.0
2278,городской округ Карабашский,Челябинская область,городской округ,5,0,1,32665.0,31898.209721285293,1.0
2279,городской округ Копейский,Челябинская область,городской округ,5,0,1,42611.0,120529.34207137875,1.0
2280,городской округ Кыштымский,Челябинская область,городской округ,5,0,1,39129.0,72684.77164462421,1.0
2281,городской округ Магнитогорский,Челябинская область,городской округ,3,0,1,39061.0,230026.35091945517,1.0
2282,городской округ Миасский,Челябинская область,городской округ,3,0,1,42583.0,214561.90628651108,1.0
2286,городской округ Троицкий,Челябинская область,городской округ,5,0,1,35694.0,61819.77253119542,1.0
2287,городской округ Усть-Катавский,Челябинская область,городской округ,5,0,1,32265.0,41411.40641610814,1.0
2288,городской округ Чебаркульский,Челябинская область,городской округ,5,0,1,41922.0,59695.08372709103,1.0
2289,городской округ Южноуральский,Челябинская область,городской округ,5,0,1,37855.0,73402.07693352149,1.0
2292,Аргаяшский муниципальный район,Челябинская область,муниципальный район,7,1,2,26328.0,24102.787271557267,0.875
2293,Ашинский муниципальный район,Челябинская область,муниципальный район,5,0,1,33433.0,32092.76594450677,1.0
2294,Брединский муниципальный район,Челябинская область,муниципальный район,7,0,1,27673.0,19303.759726653367,1.0
2295,Варненский муниципальный район,Челябинская область,муниципальный район,5,1,2,29740.0,34697.47673996996,0.5416666666666666
2296,Верхнеуральский муниципальный район,Челябинская область,муниципальный район,5,1,2,28268.0,23188.44717406935,0.5
2297,Еманжелинский муниципальный район,Челябинская область,муниципальный район,5,0,1,30902.0,27033.030087547082,1.0
2298,Еткульский муниципальный район,Челябинская область,муниципальный район,5,0,1,31211.0,27316.4181994128,1.0
2299,Карталинский муниципальный район,Челябинская область,муниципальный район,5,3,2,27447.0,31599.863390654205,0.875
2300,Каслинский муниципальный район,Челябинская область,муниципальный район,5,0,1,31877.0,27543.39782506611,1.0
2301,Катав-Ивановский муниципальный район,Челябинская область,муниципальный район,5,1,2,30343.0,32000.710836006845,0.5416666666666666
2302,Кизильский муниципальный район,Челябинская область,муниципальный район,7,0,1,24669.0,16346.221896781046,1.0
2303,Коркинский муниципальный округ,Челябинская область,муниципальный округ,5,0,1,36669.0,20397.114606353167,1.0
2304,Красноармейский муниципальный район,Челябинская область,муниципальный район,7,1,2,28551.0,19137.0507625675,0.7083333333333334
2305,Кунашакский муниципальный район,Челябинская область,муниципальный район,7,0,1,25850.0,18317.22202593827,1.0
2307,Нагайбакский муниципальный район,Челябинская область,муниципальный район,7,0,1,23995.0,16062.585210118135,1.0
2308,Нязепетровский муниципальный район,Челябинская область,муниципальный район,7,0,1,27513.0,18417.672353145867,1.0
2309,Октябрьский муниципальный район,Челябинская область,муниципальный район,7,0,1,25655.0,13739.389499220611,1.0
2310,Пластовский муниципальный район,Челябинская область,муниципальный район,5,0,1,32642.0,38867.44150412146,1.0
2311,Саткинский муниципальный район,Челябинская область,муниципальный район,5,0,1,35830.0,48759.41100884743,1.0
2312,Сосновский муниципальный район,Челябинская область,муниципальный район,5,0,1,43939.0,68211.27816265932,1.0
2314,Увельский муниципальный район,Челябинская область,муниципальный район,5,1,2,26340.0,23608.71072374365,0.5
2315,Уйский муниципальный район,Челябинская область,муниципальный район,7,0,1,26620.0,17118.333660638826,1.0
2316,Чебаркульский муниципальный район,Челябинская область,муниципальный район,7,0,1,32701.0,21546.171318862693,1.0
2317,Чесменский муниципальный район,Челябинская область,муниципальный район,7,0,1,28583.0,19273.963953921248,1.0
2318,городской округ город Ярославль,Ярославская область,городской округ,3,0,1,45947.0,567443.0000000005,1.0
2320,городской округ город Рыбинск,Ярославская область,городской округ,3,0,1,39801.0,171810.00000000006,1.0
2321,Большесельский муниципальный район,Ярославская область,муниципальный район,7,0,1,30131.0,9121.999999999996,1.0
2322,Борисоглебский муниципальный район,Ярославская область,муниципальный район,7,0,1,31912.0,11830.999999999995,1.0
2323,Брейтовский муниципальный район,Ярославская область,муниципальный район,7,0,1,30646.0,5332.000000000004,1.0
2324,Гаврилов-Ямский муниципальный район,Ярославская область,муниципальный район,5,1,2,29690.0,23809.000000000004,0.5833333333333334
2325,Даниловский муниципальный район,Ярославская область,муниципальный район,7,1,2,28351.0,20497.0,0.8333333333333334
2326,Любимский муниципальный район,Ярославская область,муниципальный район,7,0,1,27696.0,9731.999999999998,1.0
2327,Мышкинский муниципальный район,Ярославская область,муниципальный район,5,3,2,31619.0,9051.0,0.75
2328,Некоузский муниципальный район,Ярославская область,муниципальный район,7,1,2,29234.0,11435.000000000007,0.9583333333333334
2329,Некрасовский муниципальный район,Ярославская область,муниципальный район,7,0,1,29854.0,19479.99999999999,1.0
2330,Первомайский муниципальный район,Ярославская область,муниципальный район,7,0,1,27945.0,8361.999999999998,1.0
2332,Пошехонский муниципальный район,Ярославская область,муниципальный район,7,0,1,27306.0,10190.000000000004,1.0
2333,Ростовский муниципальный район,Ярославская область,муниципальный район,5,0,1,35161.0,57986.00000000003,1.0
2334,Рыбинский муниципальный район,Ярославская область,муниципальный район,5,0,1,39834.0,26408.99999999999,1.0
2335,Тутаевский муниципальный район,Ярославская область,муниципальный район,5,0,1,38303.0,52373.000000000044,1.0
2336,Угличский муниципальный район,Ярославская область,муниципальный район,5,0,1,38536.0,46215.000000000015,1.0
2337,Ярославский муниципальный район,Ярославская область,муниципальный район,0,2,2,43737.0,72442.00000000004,0.6666666666666666
2338,городской округ город Биробиджан,Еврейская автономная область,городской округ,4,0,1,50399.0,93124.69997882246,1.0
2339,Биробиджанский муниципальный район,Еврейская автономная область,муниципальный район,4,2,2,39576.0,30226.435228519225,0.875
2340,Ленинский муниципальный район,Еврейская автономная область,муниципальный район,4,0,1,42409.0,39915.501625402925,1.0
2341,Облученский муниципальный район,Еврейская автономная область,муниципальный район,4,0,1,46064.0,25678.456766391257,1.0
2342,Октябрьский муниципальный район,Еврейская автономная область,муниципальный район,4,2,2,36239.0,15289.440914712664,0.875
2343,Смидовичский муниципальный район,Еврейская автономная область,муниципальный район,4,0,1,41159.0,24728.94145982998,1.0
2344,городской округ Анадырь,Чукотский автономный округ,городской округ,2,0,1,85263.0,13412.0,1.0
2345,городской округ Эгвекинот,Чукотский автономный округ,городской округ,1,0,1,75056.0,5197.000000000002,1.0
2348,Анадырский муниципальный район,Чукотский автономный округ,муниципальный район,1,0,1,79488.0,8790.0,1.0
2349,Билибинский муниципальный район,Чукотский автономный округ,муниципальный район,2,0,1,80882.0,7279.000000000001,1.0
2618,Мантуровский муниципальный округ,Костромская область,муниципальный округ,5,1,2,30533.0,15147.00000000001,0.9583333333333334
2619,городской округ город Переславль-Залесский,Ярославская область,городской округ,5,0,1,43288.0,54038.99999999997,1.0
2620,городской округ Соликамский,Пермский край,городской округ,3,1,2,43851.0,99951.00000000007,0.5416666666666666
2621,городской округ город Березники,Пермский край,городской округ,3,0,1,43808.0,147365.0,1.0
2644,городской округ Серпухов,Московская область,городской округ,0,0,1,53030.0,181687.00000000006,1.0
2646,городской округ город Обнинск,Калужская область,городской округ,0,0,1,51221.0,132476.99999999988,1.0
2647,Боровский муниципальный район,Калужская область,муниципальный район,5,0,1,42109.0,82138.99999999994,1.0
2648,городской округ Лосино-Петровский,Московская область,городской округ,0,0,1,53287.0,72039.99999999996,1.0
2649,городской округ Щёлково,Московская область,городской округ,0,0,1,56050.0,218279.00000000015,1.0
2651,городской округ Одинцовский,Московская область,городской округ,0,0,1,62802.0,482183.9999999999,1.0
2652,городской округ Орехово-Зуевский,Московская область,городской округ,0,0,1,50000.0,240323.00000000015,1.0
2710,городской округ Вышневолоцкий,Тверская область,городской округ,5,0,1,37493.0,51665.839369360474,1.0
2808,городской округ Коломна,Московская область,городской округ,0,0,1,52386.0,213700.99999999985,1.0
2809,муниципальный округ Кунгурский,Пермский край,муниципальный округ,5,0,1,36149.0,103244.99999999991,1.0
2813,городской округ Шатура,Московская область,городской округ,5,0,1,48267.0,101188.00000000006,1.0
2814,городской округ Пушкинский,Московская область,городской округ,0,0,1,57368.0,300897.9999999999,1.0
2872,муниципальный округ Приуральский район,Ямало-Ненецкий автономный округ,муниципальный округ,2,0,1,52697.0,18911.289719691365,1.0
2876,городской округ город-курорт Кисловодск,Ставропольский край,городской округ,3,2,2,44708.0,133451.0000000001,0.7916666666666666
2879,городской округ город Губкинский,Ямало-Ненецкий автономный округ,городской округ,2,0,1,56113.0,37448.630440324436,1.0
2880,городской округ город Лабытнанги,Ямало-Ненецкий автономный округ,городской округ,2,0,1,58142.0,25247.127875444872,1.0
2881,Предгорный муниципальный округ,Ставропольский край,муниципальный округ,5,0,1,35611.0,109591.00000000003,1.0
2882,муниципальный округ Пуровский район,Ямало-Ненецкий автономный округ,муниципальный округ,2,0,1,49325.0,38091.79833622349,1.0
2883,муниципальный округ Кимрский,Тверская область,муниципальный округ,5,0,1,42508.0,51679.00000000002,1.0
2884,муниципальный округ Ржевский,Тверская область,муниципальный округ,5,0,1,37678.0,63767.99999999999,1.0
2885,муниципальный округ Кудымкарский,Пермский край,муниципальный округ,5,0,1,32841.0,50562.00000000001,1.0
2886,муниципальный округ Губахинский,Пермский край,муниципальный округ,5,0,1,33320.0,43670.99999999999,1.0
2887,городской округ город Саратов,Саратовская область,городской округ,3,0,1,40959.0,937364.0000000003,1.0
3005,городской округ город Арзамас,Нижегородская область,городской округ,5,0,1,39355.0,144669.99999999997,1.0
3007,Прокопьевский муниципальный округ,Кемеровская область,муниципальный округ,2,2,2,34633.0,43449.999999999985,0.875
3009,городской округ город Тамбов,Тамбовская область,городской округ,3,0,1,41567.0,202054.01818879566,1.0
3011,городской округ Златоустовский,Челябинская область,городской округ,5,0,1,37819.0,94111.43890270912,1.0
3012,Кусинский муниципальный район,Челябинская область,муниципальный район,7,0,1,29060.0,23492.178018113456,1.0
3013,городской округ Солнечногорск,Московская область,городской округ,0,0,1,57410.0,135509.0,1.0
